ID,DOMAIN,REQUIREMENT,SOURCE / WHY REQUIRED,OWNER FILE(S),IMPLEMENTATION EVIDENCE,TEST COMMAND,TEST RESULT,PROOF ARTIFACT,CURRENT SHA BOUND?,STATUS,SEVERITY,DEPENDENCY,NEXT ACTION,NOTES
1,CORE_ENGINE,Human Intent intake,Founder requirements ledger for this audit; confirmed against repository search at e0497f7. Not a new requirement.,apps/web/src/landing/Hero.tsx; apps/web/src/composer/UnifiedComposer.tsx,Home one-line field and Create idea field call the local compile path.,"apps/web npm run test:create-intent; Playwright lab against http://127.0.0.1:4194 (audit-only, script not committed)","EXIT 0 PASS Create Desired Output + Example intent contract; home 20000-character compile status Ready to use in 883ms, output 23458 chars, tail preserved.",proofs/spe_master_audit_20260928/07_TEST_RESULTS.md,YES,PROVEN,,none,none for this slice,"Create-page compile was not measured: the lab selector .compile-status,[role=status] is absent on /create."
2,CORE_ENGINE,ProtectedIntent,Founder requirements ledger for this audit; confirmed against repository search at e0497f7. Not a new requirement.,spe_runtime/portability/spe_artifact.py; create-intent,Python intent object is the ProtectedIntent. Web test asserts the Desired Output label. Python immutability tests were not run.,apps/web npm run test:create-intent; python3 -m pytest,EXIT 0 PASS Create Desired Output + Example intent contract; EXIT 1 ModuleNotFoundError: No module named pytest; suite not executed,logs/create_intent.log,NO,IMPLEMENTED_UNPROVEN,P2,pytest not installed,run Python artifact immutability tests,
3,CORE_ENGINE,Immutable user goal,Founder requirements ledger for this audit; confirmed against repository search at e0497f7. Not a new requirement.,spe_runtime/protocols/optimize.py,Protected-field mutation rejection exists. Not executed.,python3 -m pytest,EXIT 1 ModuleNotFoundError: No module named pytest; suite not executed,proofs/spe_master_audit_20260928/07_TEST_RESULTS.md,NO,IMPLEMENTED_UNPROVEN,P2,pytest not installed,run optimizer tests,
4,CORE_ENGINE,Context-need detection,Founder requirements ledger for this audit; confirmed against repository search at e0497f7. Not a new requirement.,spe_runtime/grounding/need.py,compile_context_need exists. Not executed.,python3 -m pytest,EXIT 1 ModuleNotFoundError: No module named pytest; suite not executed,proofs/spe_master_audit_20260928/07_TEST_RESULTS.md,NO,IMPLEMENTED_UNPROVEN,P2,pytest not installed,run grounding tests,
5,CORE_ENGINE,Context Grounding,Founder requirements ledger for this audit; confirmed against repository search at e0497f7. Not a new requirement.,spe_runtime/grounding/compiler.py; portable/spe-core-rs/src/grounding.rs,Grounding compiler and Rust grounding module exist. No grounding-named test ran. Cargo lib tests did not cover this module beyond compiling it.,python3 -m pytest,EXIT 1 ModuleNotFoundError: No module named pytest; suite not executed,proofs/spe_master_audit_20260928/07_TEST_RESULTS.md,NO,IMPLEMENTED_UNPROVEN,P2,pytest not installed,run grounding tests,
6,CORE_ENGINE,Context Protocol,Founder requirements ledger for this audit; confirmed against repository search at e0497f7. Not a new requirement.,portable/spe-core-rs/tests/context_protocol.rs,Rust context protocol evaluates frozen vectors.,cargo test --manifest-path portable/spe-core-rs/Cargo.toml,"context_protocol 10/10 passed including depth thresholds, malicious source rejection, no context writing, unknown capabilities.",logs/cargo_test_online.log,YES,PROVEN,,crates.io used because --offline lacked serde_json,keep Python vectors on the same fixtures when pytest is available,Python context-protocol tests were not executed.
7,CORE_ENGINE,Category Protocol,Founder requirements ledger for this audit; confirmed against repository search at e0497f7. Not a new requirement.,data/category_registry_v1.json; spe_runtime/categories,"Registry lists C01–C12. Engines found for C01, C02, C03, C06, C07 only.",python3 -m pytest,EXIT 1 ModuleNotFoundError: No module named pytest; suite not executed,proofs/spe_master_audit_20260928/07_TEST_RESULTS.md,NO,PARTIAL,P1,pytest not installed,implement or explicitly retire missing category engines,Schema IDs are not engines.
8,CORE_ENGINE,XCAT C01–C12,Founder requirements ledger for this audit; confirmed against repository search at e0497f7. Not a new requirement.,spe_runtime/categories; data/category_registry_v1.json,Same coverage as category protocol.,python3 -m pytest,EXIT 1 ModuleNotFoundError: No module named pytest; suite not executed,proofs/spe_master_audit_20260928/07_TEST_RESULTS.md,NO,PARTIAL,P1,pytest not installed,close C04 C05 C08–C12 or mark them non-goals,
9,CORE_ENGINE,K3 as sole prompt-technique selector,Founder requirements ledger for this audit; confirmed against repository search at e0497f7. Not a new requirement.,docs/superpowers/specs/2026-09-24-context-grounding-category-protocol-design.md,Docs say existing K3 remains the sole selector. No K3 class or function exists in Python or Rust.,not a named assertion at this SHA,not executed,proofs/spe_master_audit_20260928/07_TEST_RESULTS.md,NO,SPECIFIED_ONLY,P1,none,implement K3 or stop claiming it is the selector,
10,CORE_ENGINE,Adaptive depth,Founder requirements ledger for this audit; confirmed against repository search at e0497f7. Not a new requirement.,portable/spe-core-rs/tests/context_protocol.rs,depth_routing_thresholds_match_vector,cargo test --manifest-path portable/spe-core-rs/Cargo.toml,passed,logs/cargo_test_online.log,YES,PROVEN,,none,none for the frozen vector,"Proves the frozen threshold vector, not every UI depth label."
11,CORE_ENGINE,Requirement graph,Founder requirements ledger for this audit; confirmed against repository search at e0497f7. Not a new requirement.,repository search,No requirement-graph runtime symbol.,not a named assertion at this SHA,not executed,proofs/spe_master_audit_20260928/07_TEST_RESULTS.md,NO,NOT_FOUND,P1,none,do not invent the graph in this audit,
12,CORE_ENGINE,Contradiction detection,Founder requirements ledger for this audit; confirmed against repository search at e0497f7. Not a new requirement.,spe_runtime/grounding/compiler.py,Compiler flags conflicting contradiction groups. Tests exist and were not run.,python3 -m pytest,EXIT 1 ModuleNotFoundError: No module named pytest; suite not executed,proofs/spe_master_audit_20260928/07_TEST_RESULTS.md,NO,IMPLEMENTED_UNPROVEN,P2,pytest not installed,run grounding tests,
13,CORE_ENGINE,Provenance,Founder requirements ledger for this audit; confirmed against repository search at e0497f7. Not a new requirement.,engine fixture output; Rust semantic equivalence,Fixture returns provenance ids. different_provenance_origin passed. No end-to-end provenance chain test for user sources.,apps/web npm run test:engine; cargo test --manifest-path portable/spe-core-rs/Cargo.toml,both EXIT 0 on their slices,logs/engine.log,YES,PARTIAL,P2,none,bind user-source provenance when large-source work starts,
14,CORE_ENGINE,Trust validation,Founder requirements ledger for this audit; confirmed against repository search at e0497f7. Not a new requirement.,spe_runtime/grounding/firewall.py,Untrusted-source firewall exists and states it must not mutate ProtectedIntent or K3. Not executed.,python3 -m pytest,EXIT 1 ModuleNotFoundError: No module named pytest; suite not executed,proofs/spe_master_audit_20260928/07_TEST_RESULTS.md,NO,IMPLEMENTED_UNPROVEN,P2,pytest not installed,run firewall tests,
15,CORE_ENGINE,Quality evaluator,Founder requirements ledger for this audit; confirmed against repository search at e0497f7. Not a new requirement.,tests/unit/test_protocol_evaluators_optimizer.py; optimize.py,Evaluator tests exist. Not executed. One fixture expectation is contradiction_search UNKNOWN.,python3 -m pytest,EXIT 1 ModuleNotFoundError: No module named pytest; suite not executed,proofs/spe_master_audit_20260928/07_TEST_RESULTS.md,NO,IMPLEMENTED_UNPROVEN,P2,pytest not installed,run evaluator tests,
16,CORE_ENGINE,Bounded reconstruction,Founder requirements ledger for this audit; confirmed against repository search at e0497f7. Not a new requirement.,packages/web-runtime artifact reconstruction; apps/web/scripts/test-artifact-reconstruction.mjs,Web artifact round-trip enforces a bounded reconstruction contract.,apps/web npm run test:artifact,EXIT 0 PASS artifact round-trip + bounded reconstruction contract,logs/artifact.log,YES,PROVEN,,none,none for the web contract,Python artifact v2 was not executed.
17,CORE_ENGINE,Quality-delta requirement,Founder requirements ledger for this audit; confirmed against repository search at e0497f7. Not a new requirement.,repository search,"No quality_delta symbol in py, rs, ts, or md.",not a named assertion at this SHA,not executed,proofs/spe_master_audit_20260928/07_TEST_RESULTS.md,NO,NOT_FOUND,P1,none,do not invent the metric in this audit,
18,CORE_ENGINE,Retry limits,Founder requirements ledger for this audit; confirmed against repository search at e0497f7. Not a new requirement.,spe_runtime/protocols/optimize.py,max_iterations default 3. Not executed.,python3 -m pytest,EXIT 1 ModuleNotFoundError: No module named pytest; suite not executed,proofs/spe_master_audit_20260928/07_TEST_RESULTS.md,NO,IMPLEMENTED_UNPROVEN,P2,pytest not installed,run optimizer tests,
19,CORE_ENGINE,Oscillation protection,Founder requirements ledger for this audit; confirmed against repository search at e0497f7. Not a new requirement.,docs/superpowers/specs/2026-09-24-context-grounding-category-protocol-design.md,Spec lists oscillation detected. No runtime symbol.,not a named assertion at this SHA,not executed,proofs/spe_master_audit_20260928/07_TEST_RESULTS.md,NO,SPECIFIED_ONLY,P2,none,do not implement in this audit,
20,CORE_ENGINE,Goal-mutation protection,Founder requirements ledger for this audit; confirmed against repository search at e0497f7. Not a new requirement.,optimize.py,PROTECTED_FIELD_MUTATION_REJECTED stop reason exists. Not executed.,python3 -m pytest,EXIT 1 ModuleNotFoundError: No module named pytest; suite not executed,proofs/spe_master_audit_20260928/07_TEST_RESULTS.md,NO,IMPLEMENTED_UNPROVEN,P2,pytest not installed,run optimizer tests,
21,CORE_ENGINE,Authority-escalation protection,Founder requirements ledger for this audit; confirmed against repository search at e0497f7. Not a new requirement.,capability_contract.rs; execution record,Kernel refuses inferred authority. Local record stays at NONE. Python optimizer escalation path not executed.,cargo test --manifest-path portable/spe-core-rs/Cargo.toml; apps/web npm run test:execution-contract,both EXIT 0,logs/cargo_test_online.log,YES,PARTIAL,P2,pytest not installed,run Python authority tests,
22,CORE_ENGINE,Deterministic degradation / Plan B,Founder requirements ledger for this audit; confirmed against repository search at e0497f7. Not a new requirement.,repository search,No Plan B or deterministic-degradation runtime symbol found.,not a named assertion at this SHA,not executed,proofs/spe_master_audit_20260928/07_TEST_RESULTS.md,NO,NOT_FOUND,P1,none,do not invent Plan B in this audit,
23,CORE_ENGINE,No fabricated requirements,Founder requirements ledger for this audit; confirmed against repository search at e0497f7. Not a new requirement.,tests/regression/test_context_protocol_benchmark_fixture.py; promptGuidance.ts,Tests ban fabricated human ratings. Copy says not to fabricate ratings. Tests not executed.,python3 -m pytest,EXIT 1 ModuleNotFoundError: No module named pytest; suite not executed,proofs/spe_master_audit_20260928/07_TEST_RESULTS.md,NO,IMPLEMENTED_UNPROVEN,P2,pytest not installed,run the regression test,
24,CORE_ENGINE,Budget preservation,Founder requirements ledger for this audit; confirmed against repository search at e0497f7. Not a new requirement.,repository search,No budget-preservation runtime symbol found.,not a named assertion at this SHA,not executed,proofs/spe_master_audit_20260928/07_TEST_RESULTS.md,NO,NOT_FOUND,P1,none,do not invent a budget model in this audit,
25,CORE_ENGINE,Hard-constraint preservation,Founder requirements ledger for this audit; confirmed against repository search at e0497f7. Not a new requirement.,create-intent; semantic_equivalence.rs; optimize.py,HARD classification and constraint inequality proven. Protected-field mutation rejection in optimize.py was not executed.,apps/web npm run test:create-intent; cargo test --manifest-path portable/spe-core-rs/Cargo.toml,node and cargo EXIT 0; pytest not run,proofs/spe_master_audit_20260928/07_TEST_RESULTS.md,YES,PARTIAL,P2,pytest not installed,execute optimizer mutation tests,
26,PROMPT_RECONSTRUCTION,One-line request to complete prompt,Founder requirements ledger for this audit; confirmed against repository search at e0497f7. Not a new requirement.,apps/web/src/landing/Hero.tsx; engine worker,Home compiled a 20000-character one-line request to a 23458-character prompt.,"Playwright lab against http://127.0.0.1:4194 (audit-only, script not committed)",home compile ok true status Ready to use outputContainsTail true valueStill 20000,logs/massive_baseline.json,YES,PROVEN,,none,none for the 20k home path,Not a quality-threshold loop.
27,PROMPT_RECONSTRUCTION,Automatic reconstruction until threshold or stop,Founder requirements ledger for this audit; confirmed against repository search at e0497f7. Not a new requirement.,spe_runtime/protocols/optimize.py,optimize_prompt defaults max_iterations=3 with stop reasons including SUCCESS_THRESHOLD_MET and PROTECTED_FIELD_MUTATION_REJECTED. Web one-shot compile is not that loop.,python3 -m pytest,EXIT 1 ModuleNotFoundError: No module named pytest; suite not executed,proofs/spe_master_audit_20260928/07_TEST_RESULTS.md,NO,PARTIAL,P1,pytest not installed,execute the optimizer tests,
28,PROMPT_RECONSTRUCTION,Preserve original intent,Founder requirements ledger for this audit; confirmed against repository search at e0497f7. Not a new requirement.,spe_artifact intent immutability; create-intent,Intent preservation is implemented in Python and labeled on the web. Python tests not run.,apps/web npm run test:create-intent; python3 -m pytest,EXIT 0 PASS Create Desired Output + Example intent contract; pytest blocked,proofs/spe_master_audit_20260928/07_TEST_RESULTS.md,NO,IMPLEMENTED_UNPROVEN,P2,pytest not installed,run Python tests,
29,PROMPT_RECONSTRUCTION,Do not weaken HARD constraints,Founder requirements ledger for this audit; confirmed against repository search at e0497f7. Not a new requirement.,optimize.py; create-intent,HARD label proven on Desired Output. Weakening rejection not executed.,apps/web npm run test:create-intent,EXIT 0 PASS Create Desired Output + Example intent contract; pytest not run,logs/create_intent.log,YES,PARTIAL,P2,pytest not installed,run optimizer tests,
30,PROMPT_RECONSTRUCTION,Do not invent facts,Founder requirements ledger for this audit; confirmed against repository search at e0497f7. Not a new requirement.,grounding firewall; prompt copy,Firewall and copy forbid fabricated facts. Not executed as a test.,python3 -m pytest,EXIT 1 ModuleNotFoundError: No module named pytest; suite not executed,proofs/spe_master_audit_20260928/07_TEST_RESULTS.md,NO,IMPLEMENTED_UNPROVEN,P2,pytest not installed,run grounding tests,
31,PROMPT_RECONSTRUCTION,Explicit unknowns and questions,Founder requirements ledger for this audit; confirmed against repository search at e0497f7. Not a new requirement.,engine fixture uncertainties; context protocol abstain stages,Fixture emits uncertainties. Research vectors include abstention. Not a product question UI.,apps/web npm run test:engine; cargo test --manifest-path portable/spe-core-rs/Cargo.toml,EXIT 0,logs/engine.log,YES,PARTIAL,P2,none,none,
32,PROMPT_RECONSTRUCTION,Desired Output is HARD,Founder requirements ledger for this audit; confirmed against repository search at e0497f7. Not a new requirement.,apps/web/scripts/test-create-intent.mjs; UnifiedComposer.tsx,Desired Output classified HARD / ProtectedIntent.,apps/web npm run test:create-intent,EXIT 0 PASS Create Desired Output + Example intent contract,logs/create_intent.log,YES,PROVEN,,none,none,
33,PROMPT_RECONSTRUCTION,Example is USER_SUPPLIED / NON_AUTHORITATIVE,Founder requirements ledger for this audit; confirmed against repository search at e0497f7. Not a new requirement.,apps/web/scripts/test-create-intent.mjs; test-execution-contract.mjs,Example classified EXAMPLE / USER_SUPPLIED and non_authoritative true.,apps/web npm run test:create-intent; apps/web npm run test:execution-contract,both EXIT 0,logs/execution_contract.log,YES,PROVEN,,none,none,
34,PROMPT_RECONSTRUCTION,Provider-portable output,Founder requirements ledger for this audit; confirmed against repository search at e0497f7. Not a new requirement.,packages/web-runtime render ANY_AI,Render target ANY_AI exists. No live provider adapters.,not a named assertion at this SHA,not executed,13_PROVIDER_ADAPTER_MATRIX.md,NO,PARTIAL,P2,none,keep adapters thin when added,
35,PROMPT_RECONSTRUCTION,Structured result explanation,Founder requirements ledger for this audit; confirmed against repository search at e0497f7. Not a new requirement.,execution contract panel,Inspect/simple panel source is asserted. Full explanation quality is not.,apps/web npm run test:execution-contract,EXIT 0 PASS execution contract + profile bind + local record + conformance laws,logs/execution_contract.log,YES,PARTIAL,P2,none,none for the panel contract,
36,PROMPT_RECONSTRUCTION,Why this prompt / reviewability,Founder requirements ledger for this audit; confirmed against repository search at e0497f7. Not a new requirement.,execution contract panel,Review surfaces exist. 'Why this prompt' as a complete reviewer is not a separate proven artifact.,apps/web npm run test:execution-contract,EXIT 0 PASS execution contract + profile bind + local record + conformance laws,logs/execution_contract.log,YES,PARTIAL,P2,none,extend review only if founder asks,
37,CROSS_RUNTIME,Python reference/oracle,Founder requirements ledger for this audit; confirmed against repository search at e0497f7. Not a new requirement.,spe_runtime; tests 51 files,"Python package is present. pytest is not installed, so the oracle did not run.",python3 -m pytest,EXIT 1 ModuleNotFoundError: No module named pytest; suite not executed,logs/pytest.txt,NO,IMPLEMENTED_UNPROVEN,P2,pytest not installed; not installed during this audit,run pytest on a machine that already has it,
38,CROSS_RUNTIME,Rust canonical implementation,Founder requirements ledger for this audit; confirmed against repository search at e0497f7. Not a new requirement.,portable/spe-core-rs,Canonical Rust kernel tests passed on this machine.,cargo test --manifest-path portable/spe-core-rs/Cargo.toml,"EXIT 0 online; 38 tests passed (sha256 1, abi 8, capability 4, context_protocol 10, negative_mutations 2, semantic_equivalence 13)",logs/cargo_test_online.log,YES,PROVEN,,network to crates.io for the first online run,none for this crate's current tests,Lib unit tests were only the empty sha256 test plus the integration suites listed.
39,CROSS_RUNTIME,WASM implementation,Founder requirements ledger for this audit; confirmed against repository search at e0497f7. Not a new requirement.,apps/web/public/spe_wasm.wasm; portable/spe-wasm; portable/spe-core-rs,"Committed wasm evaluated the engine fixture. 671614 bytes, sha256 8d482a17404d873a599b6804181d0637ae20a021ffe912ca19fdf99139c52830.",apps/web npm run test:engine,EXIT 0 fixture VALID used_ts_fallback false sha256 8d482a17… matches public wasm imports 0,logs/engine.log,YES,PROVEN,,wasm32 target not installed; rebuild not attempted,reproducible wasm32 release build remains a separate blocker,"This proves the committed artifact, not that it was rebuilt from source here."
40,CROSS_RUNTIME,Web Worker,Founder requirements ledger for this audit; confirmed against repository search at e0497f7. Not a new requirement.,apps/web/src/engine/engine.worker.ts,Worker fetches same-origin wasm and evaluates.,apps/web npm run test:engine,"phases include loading_wasm, verifying_integrity, instantiating, ready, evaluating",logs/engine.log,YES,PROVEN,,none,none for the fixture,
41,CROSS_RUNTIME,UI to Worker to WASM to Rust path,Founder requirements ledger for this audit; confirmed against repository search at e0497f7. Not a new requirement.,apps/web/src/engine/client.ts; engine.worker.ts; wasm-host.mjs,Client uses a worker; fixture did not use a TS fallback.,apps/web npm run test:engine,EXIT 0 fixture VALID used_ts_fallback false sha256 8d482a17… matches public wasm imports 0,logs/engine.log,YES,PROVEN,,none,none for the fixture,Home 20k compile also returned Ready to use through the page.
42,CROSS_RUNTIME,No TypeScript semantic second brain,Founder requirements ledger for this audit; confirmed against repository search at e0497f7. Not a new requirement.,apps/web/src/engine/client.ts,"used_ts_fallback false on the fixture. onnxSemantic.ts is vision MODEL_JUDGMENT, not K3.",apps/web npm run test:engine,EXIT 0 fixture VALID used_ts_fallback false sha256 8d482a17… matches public wasm imports 0,logs/engine.log,YES,PROVEN,,none,none for this fixture,Does not prove every future adapter stays thin.
43,CROSS_RUNTIME,Canonical vectors,Founder requirements ledger for this audit; confirmed against repository search at e0497f7. Not a new requirement.,portable/spe-core-rs/tests/context_protocol.rs; tests/portability,Rust frozen context vectors passed. Python vector suite not executed.,cargo test --manifest-path portable/spe-core-rs/Cargo.toml,"EXIT 0 online; 38 tests passed (sha256 1, abi 8, capability 4, context_protocol 10, negative_mutations 2, semantic_equivalence 13); EXIT 1 ModuleNotFoundError: No module named pytest; suite not executed",logs/cargo_test_online.log,YES,PARTIAL,P2,pytest not installed,run Python vector tests,
44,CROSS_RUNTIME,Python/Rust parity,Founder requirements ledger for this audit; confirmed against repository search at e0497f7. Not a new requirement.,tests/portability,Parity tests exist and were not executed.,python3 -m pytest,EXIT 1 ModuleNotFoundError: No module named pytest; suite not executed,logs/pytest.txt,NO,IMPLEMENTED_UNPROVEN,P2,pytest not installed,run parity tests,
45,CROSS_RUNTIME,Rust/WASM parity,Founder requirements ledger for this audit; confirmed against repository search at e0497f7. Not a new requirement.,public wasm vs spe-core-rs,One fixture matches across worker and wasm. No differential suite wasm vs rust was run.,apps/web npm run test:engine,EXIT 0 fixture VALID used_ts_fallback false sha256 8d482a17… matches public wasm imports 0,logs/engine.log,YES,PARTIAL,P1,wasm32 rebuild not done,differential rust/wasm vectors,
46,CROSS_RUNTIME,Differential testing,Founder requirements ledger for this audit; confirmed against repository search at e0497f7. Not a new requirement.,Rust semantic equivalence; Python parity tests,Rust semantic suite passed. Cross-language differential runner not executed.,cargo test --manifest-path portable/spe-core-rs/Cargo.toml,"EXIT 0 online; 38 tests passed (sha256 1, abi 8, capability 4, context_protocol 10, negative_mutations 2, semantic_equivalence 13)",logs/cargo_test_online.log,YES,PARTIAL,P2,pytest not installed,run parity tests,
47,CROSS_RUNTIME,Mutation testing,Founder requirements ledger for this audit; confirmed against repository search at e0497f7. Not a new requirement.,portable/spe-core-rs/tests/negative_mutations.rs; tools/run_mutations.py,Rust negative mutations 2/2 passed. tools/run_mutations.py exits not implemented yet.,cargo test --manifest-path portable/spe-core-rs/Cargo.toml,negative_mutations passed; mutation runner stub not executed as pass,logs/cargo_test_online.log,YES,PARTIAL,P1,Python mutation file not run,do not treat the stub as a mutation suite,
48,CROSS_RUNTIME,UNKNOWN to PASS laundering prevention,Founder requirements ledger for this audit; confirmed against repository search at e0497f7. Not a new requirement.,portable/spe-core-rs/tests/semantic_equivalence.rs; packages/web-runtime conformance summary,unknown_vs_pass_not_equivalent; summarizeConformance PASS+UNKNOWN=UNKNOWN.,cargo test --manifest-path portable/spe-core-rs/Cargo.toml; apps/web npm run test:execution-contract,both EXIT 0,logs/cargo_test_online.log,YES,PROVEN,,none,none,
49,CROSS_RUNTIME,False-proof prevention,Founder requirements ledger for this audit; confirmed against repository search at e0497f7. Not a new requirement.,execution contract; Rust unknown_vs_pass; historical proofs,Kernel and local record refuse UNKNOWN laundering. Older proof logs are not bound to e0497f7.,apps/web npm run test:execution-contract; cargo test --manifest-path portable/spe-core-rs/Cargo.toml,both EXIT 0,logs/execution_contract.log,YES,PARTIAL,P2,none,stamp new proofs with this SHA,
50,CROSS_RUNTIME,Deterministic hashes,Founder requirements ledger for this audit; confirmed against repository search at e0497f7. Not a new requirement.,engine sha256 check; execution record digest,Public wasm hash checked; record digests stable across two builds in the contract test.,apps/web npm run test:engine; apps/web npm run test:execution-contract,both EXIT 0,logs/engine.log,YES,PROVEN,,none,user-source hashing is a different requirement,
51,INPUT_MODALITIES,Text,Founder requirements ledger for this audit; confirmed against repository search at e0497f7. Not a new requirement.,Hero and Create text fields,Text intake compiled on Home and is contracted on Create.,"apps/web npm run test:create-intent; Playwright lab against http://127.0.0.1:4194 (audit-only, script not committed)",create-intent EXIT 0; home 20k compile ok,logs/massive_baseline.json,YES,PROVEN,,none,none,
52,INPUT_MODALITIES,Speech-to-text,Founder requirements ledger for this audit; confirmed against repository search at e0497f7. Not a new requirement.,apps/web/src/media,"Limits and unit contracts exist and node tests passed. This audit did not drive a real microphone, camera, video, or file through the browser.",apps/web npm run test:media; apps/web npm run test:adversarial,EXIT 0,logs/media.log,YES,PARTIAL,P2,real devices,device qualification for speech and media,UI and source contracts are not full modality runtimes.
53,INPUT_MODALITIES,Image,Founder requirements ledger for this audit; confirmed against repository search at e0497f7. Not a new requirement.,apps/web/src/media,"Limits and unit contracts exist and node tests passed. This audit did not drive a real microphone, camera, video, or file through the browser.",apps/web npm run test:media; apps/web npm run test:adversarial,EXIT 0,logs/media.log,YES,PARTIAL,P2,real devices,device qualification for speech and media,UI and source contracts are not full modality runtimes.
54,INPUT_MODALITIES,Screenshot,Founder requirements ledger for this audit; confirmed against repository search at e0497f7. Not a new requirement.,apps/web/src/media,"Limits and unit contracts exist and node tests passed. This audit did not drive a real microphone, camera, video, or file through the browser.",apps/web npm run test:media; apps/web npm run test:adversarial,EXIT 0,logs/media.log,YES,PARTIAL,P2,real devices,device qualification for speech and media,UI and source contracts are not full modality runtimes.
55,INPUT_MODALITIES,Screenshot to code,Founder requirements ledger for this audit; confirmed against repository search at e0497f7. Not a new requirement.,apps/web/src/media/screenshotToCode.ts,Screenshot to code is prompt and scaffold generation.,apps/web npm run test:screenshot-fidelity && npm run test:screenshot-real,EXIT 0 both; scaffold/source assertions,logs/screenshot_fidelity.log,YES,PARTIAL,P1,none,do not claim an in-app compiler,
56,INPUT_MODALITIES,Video,Founder requirements ledger for this audit; confirmed against repository search at e0497f7. Not a new requirement.,apps/web/src/media,"Limits and unit contracts exist and node tests passed. This audit did not drive a real microphone, camera, video, or file through the browser.",apps/web npm run test:media; apps/web npm run test:adversarial,EXIT 0,logs/media.log,YES,PARTIAL,P2,real devices,device qualification for speech and media,UI and source contracts are not full modality runtimes.
57,INPUT_MODALITIES,Video to text,Founder requirements ledger for this audit; confirmed against repository search at e0497f7. Not a new requirement.,apps/web/src/media,"Limits and unit contracts exist and node tests passed. This audit did not drive a real microphone, camera, video, or file through the browser.",apps/web npm run test:media; apps/web npm run test:adversarial,EXIT 0,logs/media.log,YES,PARTIAL,P2,real devices,device qualification for speech and media,UI and source contracts are not full modality runtimes.
58,INPUT_MODALITIES,URL,Founder requirements ledger for this audit; confirmed against repository search at e0497f7. Not a new requirement.,apps/web/src/media/urlIngest.ts; limits.ts,URL field and fetch helper exist. CSP connect-src 'self' is the live page policy.,apps/web npm run test:predeploy-qa,csp_headers passed; no live cross-origin fetch proven,08_PRIVACY_EGRESS_AUDIT.md,YES,PARTIAL,P1,browser CSP,align acquisition with CSP or stop claiming contact,
59,INPUT_MODALITIES,Website input,Founder requirements ledger for this audit; confirmed against repository search at e0497f7. Not a new requirement.,apps/web/src/media/urlIngest.ts; limits.ts,URL field and fetch helper exist. CSP connect-src 'self' is the live page policy.,apps/web npm run test:predeploy-qa,csp_headers passed; no live cross-origin fetch proven,08_PRIVACY_EGRESS_AUDIT.md,YES,PARTIAL,P1,browser CSP,align acquisition with CSP or stop claiming contact,
60,INPUT_MODALITIES,Desired Output,Founder requirements ledger for this audit; confirmed against repository search at e0497f7. Not a new requirement.,UnifiedComposer.tsx,Desired Output control and HARD classification.,apps/web npm run test:create-intent,EXIT 0 PASS Create Desired Output + Example intent contract,logs/create_intent.log,YES,PROVEN,,maxLength 12000 on that field was not re-typed in the browser,none,
61,INPUT_MODALITIES,Example input,Founder requirements ledger for this audit; confirmed against repository search at e0497f7. Not a new requirement.,UnifiedComposer.tsx,Example control is non-authoritative.,apps/web npm run test:create-intent,EXIT 0 PASS Create Desired Output + Example intent contract,logs/create_intent.log,YES,PROVEN,,maxLength 12000 source-only,none,
62,INPUT_MODALITIES,Image to prompt,Founder requirements ledger for this audit; confirmed against repository search at e0497f7. Not a new requirement.,apps/web/src/media,"Limits and unit contracts exist and node tests passed. This audit did not drive a real microphone, camera, video, or file through the browser.",apps/web npm run test:media; apps/web npm run test:adversarial,EXIT 0,logs/media.log,YES,PARTIAL,P2,real devices,device qualification for speech and media,UI and source contracts are not full modality runtimes.
63,INPUT_MODALITIES,Files and documents,Founder requirements ledger for this audit; confirmed against repository search at e0497f7. Not a new requirement.,apps/web/src/media,"Limits and unit contracts exist and node tests passed. This audit did not drive a real microphone, camera, video, or file through the browser.",apps/web npm run test:media; apps/web npm run test:adversarial,EXIT 0,logs/media.log,YES,PARTIAL,P2,real devices,device qualification for speech and media,UI and source contracts are not full modality runtimes.
64,SCREENSHOT_TO_CODE,HTML/CSS target,Founder requirements ledger for this audit; confirmed against repository search at e0497f7. Not a new requirement.,apps/web/src/media/screenshotToCode.ts,"Prompt/scaffold only. No in-app HTML, React, SwiftUI, Compose, Flutter, or React Native runtime.",apps/web npm run test:screenshot-fidelity && npm run test:screenshot-real,EXIT 0 both; scaffold/source assertions,14_MULTIMODAL_MATRIX.md,YES,PARTIAL,P1,none,keep claims at prompt/scaffold until a runtime exists,"Targets: html-css-js, react, swiftui, compose, flutter, react-native."
65,SCREENSHOT_TO_CODE,React target,Founder requirements ledger for this audit; confirmed against repository search at e0497f7. Not a new requirement.,apps/web/src/media/screenshotToCode.ts,"Prompt/scaffold only. No in-app HTML, React, SwiftUI, Compose, Flutter, or React Native runtime.",apps/web npm run test:screenshot-fidelity && npm run test:screenshot-real,EXIT 0 both; scaffold/source assertions,14_MULTIMODAL_MATRIX.md,YES,PARTIAL,P1,none,keep claims at prompt/scaffold until a runtime exists,"Targets: html-css-js, react, swiftui, compose, flutter, react-native."
66,SCREENSHOT_TO_CODE,SwiftUI target,Founder requirements ledger for this audit; confirmed against repository search at e0497f7. Not a new requirement.,apps/web/src/media/screenshotToCode.ts,"Prompt/scaffold only. No in-app HTML, React, SwiftUI, Compose, Flutter, or React Native runtime.",apps/web npm run test:screenshot-fidelity && npm run test:screenshot-real,EXIT 0 both; scaffold/source assertions,14_MULTIMODAL_MATRIX.md,YES,PARTIAL,P1,none,keep claims at prompt/scaffold until a runtime exists,"Targets: html-css-js, react, swiftui, compose, flutter, react-native."
67,SCREENSHOT_TO_CODE,Jetpack Compose target,Founder requirements ledger for this audit; confirmed against repository search at e0497f7. Not a new requirement.,apps/web/src/media/screenshotToCode.ts,"Prompt/scaffold only. No in-app HTML, React, SwiftUI, Compose, Flutter, or React Native runtime.",apps/web npm run test:screenshot-fidelity && npm run test:screenshot-real,EXIT 0 both; scaffold/source assertions,14_MULTIMODAL_MATRIX.md,YES,PARTIAL,P1,none,keep claims at prompt/scaffold until a runtime exists,"Targets: html-css-js, react, swiftui, compose, flutter, react-native."
68,SCREENSHOT_TO_CODE,Flutter target,Founder requirements ledger for this audit; confirmed against repository search at e0497f7. Not a new requirement.,apps/web/src/media/screenshotToCode.ts,"Prompt/scaffold only. No in-app HTML, React, SwiftUI, Compose, Flutter, or React Native runtime.",apps/web npm run test:screenshot-fidelity && npm run test:screenshot-real,EXIT 0 both; scaffold/source assertions,14_MULTIMODAL_MATRIX.md,YES,PARTIAL,P1,none,keep claims at prompt/scaffold until a runtime exists,"Targets: html-css-js, react, swiftui, compose, flutter, react-native."
69,SCREENSHOT_TO_CODE,React Native target,Founder requirements ledger for this audit; confirmed against repository search at e0497f7. Not a new requirement.,apps/web/src/media/screenshotToCode.ts,"Prompt/scaffold only. No in-app HTML, React, SwiftUI, Compose, Flutter, or React Native runtime.",apps/web npm run test:screenshot-fidelity && npm run test:screenshot-real,EXIT 0 both; scaffold/source assertions,14_MULTIMODAL_MATRIX.md,YES,PARTIAL,P1,none,keep claims at prompt/scaffold until a runtime exists,"Targets: html-css-js, react, swiftui, compose, flutter, react-native."
70,URL_INTELLIGENCE,URL input,Founder requirements ledger for this audit; confirmed against repository search at e0497f7. Not a new requirement.,apps/web/src/media/urlIngest.ts; limits.ts,URL field and fetch helper exist. CSP connect-src 'self' is the live page policy.,apps/web npm run test:predeploy-qa,csp_headers passed; no live cross-origin fetch proven,08_PRIVACY_EGRESS_AUDIT.md,YES,PARTIAL,P1,browser CSP,align acquisition with CSP or stop claiming contact,
71,URL_INTELLIGENCE,Page acquisition,Founder requirements ledger for this audit; confirmed against repository search at e0497f7. Not a new requirement.,apps/web/src/media/urlIngest.ts,Heuristic extraction and UNTRUSTED_SOURCE labeling exist. Most signals are inferred. Excerpt slices apply.,apps/web npm run test:adversarial,untrusted_boundary_present passed,14_MULTIMODAL_MATRIX.md,YES,PARTIAL,P1,CSP blocks cross-origin connect,same-origin safe acquisition or copy correction,Norrly lessons were not found as product code under apps/web.
72,URL_INTELLIGENCE,HTML extraction,Founder requirements ledger for this audit; confirmed against repository search at e0497f7. Not a new requirement.,apps/web/src/media/urlIngest.ts,Heuristic extraction and UNTRUSTED_SOURCE labeling exist. Most signals are inferred. Excerpt slices apply.,apps/web npm run test:adversarial,untrusted_boundary_present passed,14_MULTIMODAL_MATRIX.md,YES,PARTIAL,P1,CSP blocks cross-origin connect,same-origin safe acquisition or copy correction,Norrly lessons were not found as product code under apps/web.
73,URL_INTELLIGENCE,CSS and design-token extraction,Founder requirements ledger for this audit; confirmed against repository search at e0497f7. Not a new requirement.,apps/web/src/media/urlIngest.ts,Heuristic extraction and UNTRUSTED_SOURCE labeling exist. Most signals are inferred. Excerpt slices apply.,apps/web npm run test:adversarial,untrusted_boundary_present passed,14_MULTIMODAL_MATRIX.md,YES,PARTIAL,P1,CSP blocks cross-origin connect,same-origin safe acquisition or copy correction,Norrly lessons were not found as product code under apps/web.
74,URL_INTELLIGENCE,Typography extraction,Founder requirements ledger for this audit; confirmed against repository search at e0497f7. Not a new requirement.,apps/web/src/media/urlIngest.ts,Heuristic extraction and UNTRUSTED_SOURCE labeling exist. Most signals are inferred. Excerpt slices apply.,apps/web npm run test:adversarial,untrusted_boundary_present passed,14_MULTIMODAL_MATRIX.md,YES,PARTIAL,P1,CSP blocks cross-origin connect,same-origin safe acquisition or copy correction,Norrly lessons were not found as product code under apps/web.
75,URL_INTELLIGENCE,Layout extraction,Founder requirements ledger for this audit; confirmed against repository search at e0497f7. Not a new requirement.,apps/web/src/media/urlIngest.ts,Heuristic extraction and UNTRUSTED_SOURCE labeling exist. Most signals are inferred. Excerpt slices apply.,apps/web npm run test:adversarial,untrusted_boundary_present passed,14_MULTIMODAL_MATRIX.md,YES,PARTIAL,P1,CSP blocks cross-origin connect,same-origin safe acquisition or copy correction,Norrly lessons were not found as product code under apps/web.
76,URL_INTELLIGENCE,Responsive behavior inference,Founder requirements ledger for this audit; confirmed against repository search at e0497f7. Not a new requirement.,apps/web/src/media/urlIngest.ts,Heuristic extraction and UNTRUSTED_SOURCE labeling exist. Most signals are inferred. Excerpt slices apply.,apps/web npm run test:adversarial,untrusted_boundary_present passed,14_MULTIMODAL_MATRIX.md,YES,PARTIAL,P1,CSP blocks cross-origin connect,same-origin safe acquisition or copy correction,Norrly lessons were not found as product code under apps/web.
77,URL_INTELLIGENCE,Component inference,Founder requirements ledger for this audit; confirmed against repository search at e0497f7. Not a new requirement.,apps/web/src/media/urlIngest.ts,Heuristic extraction and UNTRUSTED_SOURCE labeling exist. Most signals are inferred. Excerpt slices apply.,apps/web npm run test:adversarial,untrusted_boundary_present passed,14_MULTIMODAL_MATRIX.md,YES,PARTIAL,P1,CSP blocks cross-origin connect,same-origin safe acquisition or copy correction,Norrly lessons were not found as product code under apps/web.
78,URL_INTELLIGENCE,Motion analysis,Founder requirements ledger for this audit; confirmed against repository search at e0497f7. Not a new requirement.,apps/web/src/media/urlIngest.ts,Heuristic extraction and UNTRUSTED_SOURCE labeling exist. Most signals are inferred. Excerpt slices apply.,apps/web npm run test:adversarial,untrusted_boundary_present passed,14_MULTIMODAL_MATRIX.md,YES,PARTIAL,P1,CSP blocks cross-origin connect,same-origin safe acquisition or copy correction,Norrly lessons were not found as product code under apps/web.
79,URL_INTELLIGENCE,Scroll storytelling analysis,Founder requirements ledger for this audit; confirmed against repository search at e0497f7. Not a new requirement.,apps/web/src/media/urlIngest.ts,"No scroll-storytelling analyzer, design DNA model, implementation contract, or single-file website emitter from URL.",not a named assertion at this SHA,not executed,14_MULTIMODAL_MATRIX.md,NO,NOT_FOUND,P1,none,do not implement in this audit,URL prompt excerpt is not those products.
80,URL_INTELLIGENCE,WebGL/3D detection,Founder requirements ledger for this audit; confirmed against repository search at e0497f7. Not a new requirement.,apps/web/src/media/urlIngest.ts,Heuristic extraction and UNTRUSTED_SOURCE labeling exist. Most signals are inferred. Excerpt slices apply.,apps/web npm run test:adversarial,untrusted_boundary_present passed,14_MULTIMODAL_MATRIX.md,YES,PARTIAL,P1,CSP blocks cross-origin connect,same-origin safe acquisition or copy correction,Norrly lessons were not found as product code under apps/web.
81,URL_INTELLIGENCE,MEASURED vs INFERRED distinction,Founder requirements ledger for this audit; confirmed against repository search at e0497f7. Not a new requirement.,apps/web/src/media/urlIngest.ts,Heuristic extraction and UNTRUSTED_SOURCE labeling exist. Most signals are inferred. Excerpt slices apply.,apps/web npm run test:adversarial,untrusted_boundary_present passed,14_MULTIMODAL_MATRIX.md,YES,PARTIAL,P1,CSP blocks cross-origin connect,same-origin safe acquisition or copy correction,Norrly lessons were not found as product code under apps/web.
82,URL_INTELLIGENCE,Design DNA,Founder requirements ledger for this audit; confirmed against repository search at e0497f7. Not a new requirement.,apps/web/src/media/urlIngest.ts,"No scroll-storytelling analyzer, design DNA model, implementation contract, or single-file website emitter from URL.",not a named assertion at this SHA,not executed,14_MULTIMODAL_MATRIX.md,NO,NOT_FOUND,P1,none,do not implement in this audit,URL prompt excerpt is not those products.
83,URL_INTELLIGENCE,URL to implementation contract,Founder requirements ledger for this audit; confirmed against repository search at e0497f7. Not a new requirement.,apps/web/src/media/urlIngest.ts,"No scroll-storytelling analyzer, design DNA model, implementation contract, or single-file website emitter from URL.",not a named assertion at this SHA,not executed,14_MULTIMODAL_MATRIX.md,NO,NOT_FOUND,P1,none,do not implement in this audit,URL prompt excerpt is not those products.
84,URL_INTELLIGENCE,URL to single-file website prompt,Founder requirements ledger for this audit; confirmed against repository search at e0497f7. Not a new requirement.,apps/web/src/media/urlIngest.ts,"No scroll-storytelling analyzer, design DNA model, implementation contract, or single-file website emitter from URL.",not a named assertion at this SHA,not executed,14_MULTIMODAL_MATRIX.md,NO,NOT_FOUND,P1,none,do not implement in this audit,URL prompt excerpt is not those products.
85,URL_INTELLIGENCE,Safe handling of untrusted remote content,Founder requirements ledger for this audit; confirmed against repository search at e0497f7. Not a new requirement.,apps/web/src/media/urlIngest.ts,Heuristic extraction and UNTRUSTED_SOURCE labeling exist. Most signals are inferred. Excerpt slices apply.,apps/web npm run test:adversarial,untrusted_boundary_present passed,14_MULTIMODAL_MATRIX.md,YES,PARTIAL,P1,CSP blocks cross-origin connect,same-origin safe acquisition or copy correction,Norrly lessons were not found as product code under apps/web.
86,MASSIVE_INTENT,100K-word Live Editor,Founder requirements ledger for this audit; confirmed against repository search at e0497f7. Not a new requirement.,apps/web source search,"No 100k-word mode, million-word mode, stream, chunker, incremental counter, OPFS, IndexedDB, memory-pressure policy, virtualized preview, provider packer, or non-selected-source store.","Playwright lab against http://127.0.0.1:4194 (audit-only, script not committed)",Create accepted 1000000 characters in a textarea. That is not these modes.,12_MASSIVE_INTENT_BASELINE.md,YES,NOT_FOUND,P1,none,LAUNCH_PLUS_1; do not implement now,Privacy tests expect indexedDB to be absent.
87,MASSIVE_INTENT,"1,000,000-word Large Source Mode",Founder requirements ledger for this audit; confirmed against repository search at e0497f7. Not a new requirement.,apps/web source search,"No 100k-word mode, million-word mode, stream, chunker, incremental counter, OPFS, IndexedDB, memory-pressure policy, virtualized preview, provider packer, or non-selected-source store.","Playwright lab against http://127.0.0.1:4194 (audit-only, script not committed)",Create accepted 1000000 characters in a textarea. That is not these modes.,12_MASSIVE_INTENT_BASELINE.md,YES,NOT_FOUND,P1,none,LAUNCH_PLUS_1; do not implement now,Privacy tests expect indexedDB to be absent.
88,MASSIVE_INTENT,Greater-than-1M Massive Source Mode,Founder requirements ledger for this audit; confirmed against repository search at e0497f7. Not a new requirement.,apps/web source search,"No 100k-word mode, million-word mode, stream, chunker, incremental counter, OPFS, IndexedDB, memory-pressure policy, virtualized preview, provider packer, or non-selected-source store.","Playwright lab against http://127.0.0.1:4194 (audit-only, script not committed)",Create accepted 1000000 characters in a textarea. That is not these modes.,12_MASSIVE_INTENT_BASELINE.md,YES,NOT_FOUND,P1,none,LAUNCH_PLUS_1; do not implement now,Privacy tests expect indexedDB to be absent.
89,MASSIVE_INTENT,Streamed ingestion,Founder requirements ledger for this audit; confirmed against repository search at e0497f7. Not a new requirement.,apps/web source search,"No 100k-word mode, million-word mode, stream, chunker, incremental counter, OPFS, IndexedDB, memory-pressure policy, virtualized preview, provider packer, or non-selected-source store.","Playwright lab against http://127.0.0.1:4194 (audit-only, script not committed)",Create accepted 1000000 characters in a textarea. That is not these modes.,12_MASSIVE_INTENT_BASELINE.md,YES,NOT_FOUND,P1,none,LAUNCH_PLUS_1; do not implement now,Privacy tests expect indexedDB to be absent.
90,MASSIVE_INTENT,Web Worker processing of large source,Founder requirements ledger for this audit; confirmed against repository search at e0497f7. Not a new requirement.,apps/web/src/engine/engine.worker.ts,Worker runs wasm compile. It does not chunk or stream user source.,apps/web npm run test:engine,EXIT 0 fixture VALID used_ts_fallback false sha256 8d482a17… matches public wasm imports 0,logs/engine.log,YES,PARTIAL,P2,none,do not build Massive Intent in this audit,
91,MASSIVE_INTENT,Chunking,Founder requirements ledger for this audit; confirmed against repository search at e0497f7. Not a new requirement.,apps/web source search,"No 100k-word mode, million-word mode, stream, chunker, incremental counter, OPFS, IndexedDB, memory-pressure policy, virtualized preview, provider packer, or non-selected-source store.","Playwright lab against http://127.0.0.1:4194 (audit-only, script not committed)",Create accepted 1000000 characters in a textarea. That is not these modes.,12_MASSIVE_INTENT_BASELINE.md,YES,NOT_FOUND,P1,none,LAUNCH_PLUS_1; do not implement now,Privacy tests expect indexedDB to be absent.
92,MASSIVE_INTENT,Incremental counting,Founder requirements ledger for this audit; confirmed against repository search at e0497f7. Not a new requirement.,apps/web source search,"No 100k-word mode, million-word mode, stream, chunker, incremental counter, OPFS, IndexedDB, memory-pressure policy, virtualized preview, provider packer, or non-selected-source store.","Playwright lab against http://127.0.0.1:4194 (audit-only, script not committed)",Create accepted 1000000 characters in a textarea. That is not these modes.,12_MASSIVE_INTENT_BASELINE.md,YES,NOT_FOUND,P1,none,LAUNCH_PLUS_1; do not implement now,Privacy tests expect indexedDB to be absent.
93,MASSIVE_INTENT,Local source preservation,Founder requirements ledger for this audit; confirmed against repository search at e0497f7. Not a new requirement.,textarea state,"Create idea retained 1,000,000 characters in the control during the lab. No durable store.","Playwright lab against http://127.0.0.1:4194 (audit-only, script not committed)",EXIT 0; home maxLength 20000 caps 100k–1M pastes; create idea accepts 1_000_000 characters,12_MASSIVE_INTENT_BASELINE.md,YES,PARTIAL,P2,none,do not add OPFS in this audit,
94,MASSIVE_INTENT,OPFS or suitable local large-source storage,Founder requirements ledger for this audit; confirmed against repository search at e0497f7. Not a new requirement.,apps/web source search,"No 100k-word mode, million-word mode, stream, chunker, incremental counter, OPFS, IndexedDB, memory-pressure policy, virtualized preview, provider packer, or non-selected-source store.","Playwright lab against http://127.0.0.1:4194 (audit-only, script not committed)",Create accepted 1000000 characters in a textarea. That is not these modes.,12_MASSIVE_INTENT_BASELINE.md,YES,NOT_FOUND,P1,none,LAUNCH_PLUS_1; do not implement now,Privacy tests expect indexedDB to be absent.
95,MASSIVE_INTENT,IndexedDB fallback,Founder requirements ledger for this audit; confirmed against repository search at e0497f7. Not a new requirement.,apps/web source search,"No 100k-word mode, million-word mode, stream, chunker, incremental counter, OPFS, IndexedDB, memory-pressure policy, virtualized preview, provider packer, or non-selected-source store.","Playwright lab against http://127.0.0.1:4194 (audit-only, script not committed)",Create accepted 1000000 characters in a textarea. That is not these modes.,12_MASSIVE_INTENT_BASELINE.md,YES,NOT_FOUND,P1,none,LAUNCH_PLUS_1; do not implement now,Privacy tests expect indexedDB to be absent.
96,MASSIVE_INTENT,Byte-based internal limits,Founder requirements ledger for this audit; confirmed against repository search at e0497f7. Not a new requirement.,apps/web/src/media/limits.ts,"URL bytes, image, video, and HTML upload caps exist. Main idea text is not byte-capped.",apps/web npm run test:media,EXIT 0,logs/media.log,YES,PARTIAL,P2,none,do not change caps in this audit,MAX_URL_BYTES 200000; image 25MB; video 120MB/180s; HTML declared 2MB then sliced.
97,MASSIVE_INTENT,Memory-pressure handling,Founder requirements ledger for this audit; confirmed against repository search at e0497f7. Not a new requirement.,apps/web source search,"No 100k-word mode, million-word mode, stream, chunker, incremental counter, OPFS, IndexedDB, memory-pressure policy, virtualized preview, provider packer, or non-selected-source store.","Playwright lab against http://127.0.0.1:4194 (audit-only, script not committed)",Create accepted 1000000 characters in a textarea. That is not these modes.,12_MASSIVE_INTENT_BASELINE.md,YES,NOT_FOUND,P1,none,LAUNCH_PLUS_1; do not implement now,Privacy tests expect indexedDB to be absent.
98,MASSIVE_INTENT,Virtualized source preview,Founder requirements ledger for this audit; confirmed against repository search at e0497f7. Not a new requirement.,apps/web source search,"No 100k-word mode, million-word mode, stream, chunker, incremental counter, OPFS, IndexedDB, memory-pressure policy, virtualized preview, provider packer, or non-selected-source store.","Playwright lab against http://127.0.0.1:4194 (audit-only, script not committed)",Create accepted 1000000 characters in a textarea. That is not these modes.,12_MASSIVE_INTENT_BASELINE.md,YES,NOT_FOUND,P1,none,LAUNCH_PLUS_1; do not implement now,Privacy tests expect indexedDB to be absent.
99,MASSIVE_INTENT,Provider-context packing,Founder requirements ledger for this audit; confirmed against repository search at e0497f7. Not a new requirement.,apps/web source search,"No 100k-word mode, million-word mode, stream, chunker, incremental counter, OPFS, IndexedDB, memory-pressure policy, virtualized preview, provider packer, or non-selected-source store.","Playwright lab against http://127.0.0.1:4194 (audit-only, script not committed)",Create accepted 1000000 characters in a textarea. That is not these modes.,12_MASSIVE_INTENT_BASELINE.md,YES,NOT_FOUND,P1,none,LAUNCH_PLUS_1; do not implement now,Privacy tests expect indexedDB to be absent.
100,MASSIVE_INTENT,Retrieval and relevance selection,Founder requirements ledger for this audit; confirmed against repository search at e0497f7. Not a new requirement.,context protocol stage routing,Protocol routes stages. It does not select spans from a million-word source.,cargo test --manifest-path portable/spe-core-rs/Cargo.toml,context protocol tests passed,logs/cargo_test_online.log,YES,PARTIAL,P2,none,do not implement Massive Intent,
101,MASSIVE_INTENT,Source provenance for large sources,Founder requirements ledger for this audit; confirmed against repository search at e0497f7. Not a new requirement.,fixture provenance fields,Provenance objects exist. They are not hashes of an unselected large source.,apps/web npm run test:engine,EXIT 0 fixture VALID used_ts_fallback false sha256 8d482a17… matches public wasm imports 0,logs/engine.log,YES,PARTIAL,P2,none,later,
102,MASSIVE_INTENT,Preservation of non-selected source,Founder requirements ledger for this audit; confirmed against repository search at e0497f7. Not a new requirement.,apps/web source search,"No 100k-word mode, million-word mode, stream, chunker, incremental counter, OPFS, IndexedDB, memory-pressure policy, virtualized preview, provider packer, or non-selected-source store.","Playwright lab against http://127.0.0.1:4194 (audit-only, script not committed)",Create accepted 1000000 characters in a textarea. That is not these modes.,12_MASSIVE_INTENT_BASELINE.md,YES,NOT_FOUND,P1,none,LAUNCH_PLUS_1; do not implement now,Privacy tests expect indexedDB to be absent.
103,MASSIVE_INTENT,No silent truncation,Founder requirements ledger for this audit; confirmed against repository search at e0497f7. Not a new requirement.,Hero.tsx maxLength 20000; urlIngest excerpts,"Home drops paste overflow at the attribute cap with no in-product notice. URL/HTML excerpts are sliced and labeled Excerpt. Create idea did not truncate through 1,000,000 characters.","Playwright lab against http://127.0.0.1:4194 (audit-only, script not committed)",EXIT 0; home maxLength 20000 caps 100k–1M pastes; create idea accepts 1_000_000 characters,12_MASSIVE_INTENT_BASELINE.md,YES,PARTIAL,P1,none,surface truncation explicitly before any large-source claim,
104,MASSIVE_INTENT,Source hash and integrity,Founder requirements ledger for this audit; confirmed against repository search at e0497f7. Not a new requirement.,wasm sha256; record digest,Engine and record hashes exist. User source text is not hashed.,apps/web npm run test:engine,EXIT 0 fixture VALID used_ts_fallback false sha256 8d482a17… matches public wasm imports 0,logs/engine.log,YES,PARTIAL,P2,none,later,
105,MASSIVE_INTENT,Mobile-safe large-source behavior,Founder requirements ledger for this audit; confirmed against repository search at e0497f7. Not a new requirement.,product tree,No in-product benchmark harness. This audit measured a one-off Chromium lab and did not commit the probe.,"Playwright lab against http://127.0.0.1:4194 (audit-only, script not committed)",EXIT 0; home maxLength 20000 caps 100k–1M pastes; create idea accepts 1_000_000 characters,12_MASSIVE_INTENT_BASELINE.md,YES,NOT_FOUND,P2,mobile devices,do not claim the sizes on the site,
106,MASSIVE_INTENT,Benchmark harness at 100K/250K/500K/1M,Founder requirements ledger for this audit; confirmed against repository search at e0497f7. Not a new requirement.,product tree,No in-product benchmark harness. This audit measured a one-off Chromium lab and did not commit the probe.,"Playwright lab against http://127.0.0.1:4194 (audit-only, script not committed)",EXIT 0; home maxLength 20000 caps 100k–1M pastes; create idea accepts 1_000_000 characters,12_MASSIVE_INTENT_BASELINE.md,YES,NOT_FOUND,P2,mobile devices,do not claim the sizes on the site,
107,MASSIVE_INTENT,Paste-latency measurement,Founder requirements ledger for this audit; confirmed against repository search at e0497f7. Not a new requirement.,product tree,No in-product benchmark harness. This audit measured a one-off Chromium lab and did not commit the probe.,"Playwright lab against http://127.0.0.1:4194 (audit-only, script not committed)",EXIT 0; home maxLength 20000 caps 100k–1M pastes; create idea accepts 1_000_000 characters,12_MASSIVE_INTENT_BASELINE.md,YES,NOT_FOUND,P2,mobile devices,do not claim the sizes on the site,
108,MASSIVE_INTENT,UI responsiveness measurement,Founder requirements ledger for this audit; confirmed against repository search at e0497f7. Not a new requirement.,product tree,No in-product benchmark harness. This audit measured a one-off Chromium lab and did not commit the probe.,"Playwright lab against http://127.0.0.1:4194 (audit-only, script not committed)",EXIT 0; home maxLength 20000 caps 100k–1M pastes; create idea accepts 1_000_000 characters,12_MASSIVE_INTENT_BASELINE.md,YES,NOT_FOUND,P2,mobile devices,do not claim the sizes on the site,
109,MASSIVE_INTENT,Memory measurement,Founder requirements ledger for this audit; confirmed against repository search at e0497f7. Not a new requirement.,product tree,No in-product benchmark harness. This audit measured a one-off Chromium lab and did not commit the probe.,"Playwright lab against http://127.0.0.1:4194 (audit-only, script not committed)",EXIT 0; home maxLength 20000 caps 100k–1M pastes; create idea accepts 1_000_000 characters,12_MASSIVE_INTENT_BASELINE.md,YES,NOT_FOUND,P2,mobile devices,do not claim the sizes on the site,
110,MASSIVE_INTENT,Reconstruction-quality measurement at large sizes,Founder requirements ledger for this audit; confirmed against repository search at e0497f7. Not a new requirement.,product tree,No in-product benchmark harness. This audit measured a one-off Chromium lab and did not commit the probe.,"Playwright lab against http://127.0.0.1:4194 (audit-only, script not committed)",EXIT 0; home maxLength 20000 caps 100k–1M pastes; create idea accepts 1_000_000 characters,12_MASSIVE_INTENT_BASELINE.md,YES,NOT_FOUND,P2,mobile devices,do not claim the sizes on the site,
111,SPE_ARTIFACT,.spe schema,Founder requirements ledger for this audit; confirmed against repository search at e0497f7. Not a new requirement.,schemas/spe_artifact.schema.json; packages/web-runtime/src/speArtifact.ts; spe_runtime/portability/spe_artifact.py,Web v1 schema and Python v2 with context_protocol exist. Python tests not run.,apps/web npm run test:artifact,EXIT 0 PASS artifact round-trip + bounded reconstruction contract; pytest not run,logs/artifact.log,YES,PARTIAL,P2,pytest not installed,run Python artifact tests,
112,SPE_ARTIFACT,Versioning,Founder requirements ledger for this audit; confirmed against repository search at e0497f7. Not a new requirement.,web artifact + execution record,Web round-trip test passed for the v1 contract including profile bind and local record. Python v2 and lineage depth not executed.,apps/web npm run test:artifact; apps/web npm run test:execution-contract,both EXIT 0,logs/artifact.log,YES,PARTIAL,P2,pytest not installed,run Python round-trip,
113,SPE_ARTIFACT,Export,Founder requirements ledger for this audit; confirmed against repository search at e0497f7. Not a new requirement.,web artifact + execution record,Web round-trip test passed for the v1 contract including profile bind and local record. Python v2 and lineage depth not executed.,apps/web npm run test:artifact; apps/web npm run test:execution-contract,both EXIT 0,logs/artifact.log,YES,PARTIAL,P2,pytest not installed,run Python round-trip,
114,SPE_ARTIFACT,Import,Founder requirements ledger for this audit; confirmed against repository search at e0497f7. Not a new requirement.,web artifact + execution record,Web round-trip test passed for the v1 contract including profile bind and local record. Python v2 and lineage depth not executed.,apps/web npm run test:artifact; apps/web npm run test:execution-contract,both EXIT 0,logs/artifact.log,YES,PARTIAL,P2,pytest not installed,run Python round-trip,
115,SPE_ARTIFACT,Round trip,Founder requirements ledger for this audit; confirmed against repository search at e0497f7. Not a new requirement.,apps/web/scripts/test-artifact-reconstruction.mjs,Web artifact round-trip passed.,apps/web npm run test:artifact,EXIT 0 PASS artifact round-trip + bounded reconstruction contract,logs/artifact.log,YES,PROVEN,,Python v2 not executed,none for web v1,Promoted to PROVEN because the named test passed. Python v2 remains unrun and is noted on neighboring rows.
116,SPE_ARTIFACT,Integrity,Founder requirements ledger for this audit; confirmed against repository search at e0497f7. Not a new requirement.,web artifact + execution record,Web round-trip test passed for the v1 contract including profile bind and local record. Python v2 and lineage depth not executed.,apps/web npm run test:artifact; apps/web npm run test:execution-contract,both EXIT 0,logs/artifact.log,YES,PARTIAL,P2,pytest not installed,run Python round-trip,
117,SPE_ARTIFACT,Lineage,Founder requirements ledger for this audit; confirmed against repository search at e0497f7. Not a new requirement.,web artifact + execution record,Web round-trip test passed for the v1 contract including profile bind and local record. Python v2 and lineage depth not executed.,apps/web npm run test:artifact; apps/web npm run test:execution-contract,both EXIT 0,logs/artifact.log,YES,PARTIAL,P2,pytest not installed,run Python round-trip,
118,SPE_ARTIFACT,Provider profile binding,Founder requirements ledger for this audit; confirmed against repository search at e0497f7. Not a new requirement.,web artifact + execution record,Web round-trip test passed for the v1 contract including profile bind and local record. Python v2 and lineage depth not executed.,apps/web npm run test:artifact; apps/web npm run test:execution-contract,both EXIT 0,logs/artifact.log,YES,PARTIAL,P2,pytest not installed,run Python round-trip,
119,SPE_ARTIFACT,execution_record preservation,Founder requirements ledger for this audit; confirmed against repository search at e0497f7. Not a new requirement.,web artifact + execution record,Web round-trip test passed for the v1 contract including profile bind and local record. Python v2 and lineage depth not executed.,apps/web npm run test:artifact; apps/web npm run test:execution-contract,both EXIT 0,logs/artifact.log,YES,PARTIAL,P2,pytest not installed,run Python round-trip,
120,SPE_ARTIFACT,Backward compatibility strategy,Founder requirements ledger for this audit; confirmed against repository search at e0497f7. Not a new requirement.,web v1 vs Python v2,Two generations exist. No written compatibility strategy was executed.,not a named assertion at this SHA,not executed,proofs/spe_master_audit_20260928/07_TEST_RESULTS.md,NO,SPECIFIED_ONLY,P2,none,write a strategy only if founder asks,
121,SPE_ARTIFACT,JSON export,Founder requirements ledger for this audit; confirmed against repository search at e0497f7. Not a new requirement.,web artifact + execution record,Web round-trip test passed for the v1 contract including profile bind and local record. Python v2 and lineage depth not executed.,apps/web npm run test:artifact; apps/web npm run test:execution-contract,both EXIT 0,logs/artifact.log,YES,PARTIAL,P2,pytest not installed,run Python round-trip,
122,SPE_ARTIFACT,PDF export,Founder requirements ledger for this audit; confirmed against repository search at e0497f7. Not a new requirement.,openArtifactPrintView; App.tsx,PDF is browser print. PDF import is explicitly rejected.,not a named assertion at this SHA,no PDF test in this run,proofs/spe_master_audit_20260928/07_TEST_RESULTS.md,NO,PARTIAL,P2,none,keep the rejection message until import exists,
123,SPE_ARTIFACT,Copy prompt,Founder requirements ledger for this audit; confirmed against repository search at e0497f7. Not a new requirement.,App.tsx; UnifiedComposer.tsx,Copy buttons write the clipboard on explicit user action.,apps/web npm run test:predeploy-qa,clipboard_deny_message passed,logs/predeploy_qa.log,YES,PARTIAL,P2,no browser click-through of Copy this audit,none,
124,EXECUTION_CONTRACT,Canonical execution contract,Founder requirements ledger for this audit; confirmed against repository search at e0497f7. Not a new requirement.,execution contract,Local contract is proven. VALIDATE_ONLY is absent. EXECUTE is not a live runner.,apps/web npm run test:execution-contract,EXIT 0 PASS execution contract + profile bind + local record + conformance laws,logs/execution_contract.log,YES,PARTIAL,P2,none,add VALIDATE_ONLY only if founder still wants that mode,
125,EXECUTION_CONTRACT,Goal,Founder requirements ledger for this audit; confirmed against repository search at e0497f7. Not a new requirement.,packages/web-runtime execution record; contract panel source,Contract test locks goal preservation copy and record fields.,apps/web npm run test:execution-contract,EXIT 0 PASS execution contract + profile bind + local record + conformance laws,logs/execution_contract.log,YES,PROVEN,,none,Python goal-immutability tests not run,"Panel assertion is source text plus record equality, not a live mutation attack."
126,EXECUTION_CONTRACT,Constraints,Founder requirements ledger for this audit; confirmed against repository search at e0497f7. Not a new requirement.,execution contract test,Hard constraints preserved is asserted; HARD example classification asserted.,apps/web npm run test:execution-contract; apps/web npm run test:create-intent,both EXIT 0,logs/execution_contract.log,YES,PROVEN,,none,optimizer protected-field rejection not executed,
127,EXECUTION_CONTRACT,Protocol and depth,Founder requirements ledger for this audit; confirmed against repository search at e0497f7. Not a new requirement.,execution contract record and context protocol stages,"Record and panel cover goal, constraints, profile, authority, and dry-run. Stage plans exist in context protocol vectors. Credential, network, and human-approval policies are not a separate executed contract mode.",apps/web npm run test:execution-contract; cargo test --manifest-path portable/spe-core-rs/Cargo.toml,EXIT 0 on those suites,logs/execution_contract.log,YES,PARTIAL,P2,none,do not invent EXECUTE,
128,EXECUTION_CONTRACT,Acceptance criteria,Founder requirements ledger for this audit; confirmed against repository search at e0497f7. Not a new requirement.,execution contract record and context protocol stages,"Record and panel cover goal, constraints, profile, authority, and dry-run. Stage plans exist in context protocol vectors. Credential, network, and human-approval policies are not a separate executed contract mode.",apps/web npm run test:execution-contract; cargo test --manifest-path portable/spe-core-rs/Cargo.toml,EXIT 0 on those suites,logs/execution_contract.log,YES,PARTIAL,P2,none,do not invent EXECUTE,
129,EXECUTION_CONTRACT,Provider profile,Founder requirements ledger for this audit; confirmed against repository search at e0497f7. Not a new requirement.,data/provider_profiles_v1.json; execution record,Record binds DETERMINISTIC 1.0.0 and profile_authority_granted false.,apps/web npm run test:execution-contract,EXIT 0 PASS execution contract + profile bind + local record + conformance laws,logs/execution_contract.log,YES,PROVEN,,none,none for this bind,
130,EXECUTION_CONTRACT,Authority,Founder requirements ledger for this audit; confirmed against repository search at e0497f7. Not a new requirement.,execution record authority,authority status NONE level 0.,apps/web npm run test:execution-contract,EXIT 0 PASS execution contract + profile bind + local record + conformance laws,logs/execution_contract.log,YES,PROVEN,,none,none for local dry-run,
131,EXECUTION_CONTRACT,Planned stages,Founder requirements ledger for this audit; confirmed against repository search at e0497f7. Not a new requirement.,execution contract record and context protocol stages,"Record and panel cover goal, constraints, profile, authority, and dry-run. Stage plans exist in context protocol vectors. Credential, network, and human-approval policies are not a separate executed contract mode.",apps/web npm run test:execution-contract; cargo test --manifest-path portable/spe-core-rs/Cargo.toml,EXIT 0 on those suites,logs/execution_contract.log,YES,PARTIAL,P2,none,do not invent EXECUTE,
132,EXECUTION_CONTRACT,Side-effect policy,Founder requirements ledger for this audit; confirmed against repository search at e0497f7. Not a new requirement.,execution contract record and context protocol stages,"Record and panel cover goal, constraints, profile, authority, and dry-run. Stage plans exist in context protocol vectors. Credential, network, and human-approval policies are not a separate executed contract mode.",apps/web npm run test:execution-contract; cargo test --manifest-path portable/spe-core-rs/Cargo.toml,EXIT 0 on those suites,logs/execution_contract.log,YES,PARTIAL,P2,none,do not invent EXECUTE,
133,EXECUTION_CONTRACT,Network policy,Founder requirements ledger for this audit; confirmed against repository search at e0497f7. Not a new requirement.,execution contract record and context protocol stages,"Record and panel cover goal, constraints, profile, authority, and dry-run. Stage plans exist in context protocol vectors. Credential, network, and human-approval policies are not a separate executed contract mode.",apps/web npm run test:execution-contract; cargo test --manifest-path portable/spe-core-rs/Cargo.toml,EXIT 0 on those suites,logs/execution_contract.log,YES,PARTIAL,P2,none,do not invent EXECUTE,
134,EXECUTION_CONTRACT,Credential policy,Founder requirements ledger for this audit; confirmed against repository search at e0497f7. Not a new requirement.,execution contract record and context protocol stages,"Record and panel cover goal, constraints, profile, authority, and dry-run. Stage plans exist in context protocol vectors. Credential, network, and human-approval policies are not a separate executed contract mode.",apps/web npm run test:execution-contract; cargo test --manifest-path portable/spe-core-rs/Cargo.toml,EXIT 0 on those suites,logs/execution_contract.log,YES,PARTIAL,P2,none,do not invent EXECUTE,
135,EXECUTION_CONTRACT,Human approval requirement,Founder requirements ledger for this audit; confirmed against repository search at e0497f7. Not a new requirement.,execution contract record and context protocol stages,"Record and panel cover goal, constraints, profile, authority, and dry-run. Stage plans exist in context protocol vectors. Credential, network, and human-approval policies are not a separate executed contract mode.",apps/web npm run test:execution-contract; cargo test --manifest-path portable/spe-core-rs/Cargo.toml,EXIT 0 on those suites,logs/execution_contract.log,YES,PARTIAL,P2,none,do not invent EXECUTE,
136,EXECUTION_CONTRACT,DRY_RUN,Founder requirements ledger for this audit; confirmed against repository search at e0497f7. Not a new requirement.,packages/web-runtime/src/executionRecord.ts,"mode LOCAL_DRY_RUN, executed false, outcome NOT_EXECUTED.",apps/web npm run test:execution-contract,EXIT 0 PASS execution contract + profile bind + local record + conformance laws,logs/execution_contract.log,YES,PROVEN,,none,none,
137,EXECUTION_CONTRACT,VALIDATE_ONLY,Founder requirements ledger for this audit; confirmed against repository search at e0497f7. Not a new requirement.,repository search,No VALIDATE_ONLY symbol.,not a named assertion at this SHA,not executed,proofs/spe_master_audit_20260928/07_TEST_RESULTS.md,NO,NOT_FOUND,P1,none,do not invent the mode in this audit,
138,EXECUTION_CONTRACT,EXECUTE semantics where implemented,Founder requirements ledger for this audit; confirmed against repository search at e0497f7. Not a new requirement.,executionRecord.ts,Local path records NOT_EXECUTED. There is no live EXECUTE runner.,apps/web npm run test:execution-contract,EXIT 0 PASS execution contract + profile bind + local record + conformance laws,logs/execution_contract.log,YES,PARTIAL,P1,none,keep EXECUTE unavailable until authority exists,
139,EXECUTION_CONTRACT,execution_record,Founder requirements ledger for this audit; confirmed against repository search at e0497f7. Not a new requirement.,packages/web-runtime/src/executionRecord.ts,spe.local-execution-record.v1 round-trip.,apps/web npm run test:execution-contract,EXIT 0 PASS execution contract + profile bind + local record + conformance laws,logs/execution_contract.log,YES,PROVEN,,none,none for the local record,
140,EXECUTION_CONTRACT,PASS,Founder requirements ledger for this audit; confirmed against repository search at e0497f7. Not a new requirement.,conformance summary,PASS is a real status and does not absorb UNKNOWN or FAIL.,apps/web npm run test:execution-contract,summarizeConformance cases passed,logs/execution_contract.log,YES,PROVEN,,none,none,
141,EXECUTION_CONTRACT,FAIL,Founder requirements ledger for this audit; confirmed against repository search at e0497f7. Not a new requirement.,conformance summary,Weakened record overall FAIL; PASS+FAIL=FAIL.,apps/web npm run test:execution-contract,EXIT 0 PASS execution contract + profile bind + local record + conformance laws,logs/execution_contract.log,YES,PROVEN,,none,none,
142,EXECUTION_CONTRACT,UNKNOWN,Founder requirements ledger for this audit; confirmed against repository search at e0497f7. Not a new requirement.,conformance summary; Rust semantic equivalence,UNKNOWN stays distinct from PASS.,apps/web npm run test:execution-contract; cargo test --manifest-path portable/spe-core-rs/Cargo.toml,both EXIT 0,logs/execution_contract.log,YES,PROVEN,,none,none,
143,AUTHORITY,Network denied by default,Founder requirements ledger for this audit; confirmed against repository search at e0497f7. Not a new requirement.,egress proof; urlIngest.ts; CSP,Evaluate path is zero-egress. urlIngest.ts calls fetch when the user submits a URL. CSP connect-src 'self' likely blocks cross-origin.,apps/web npm run audit:egress; apps/web npm run test:predeploy-qa,egress EXIT 0; csp source passed,08_PRIVACY_EGRESS_AUDIT.md,YES,PARTIAL,P1,none,make URL behavior match the disclosure,Not a hidden telemetry channel.
144,AUTHORITY,Credentials denied by default,Founder requirements ledger for this audit; confirmed against repository search at e0497f7. Not a new requirement.,provider profiles; capability contract; deployment gate,Profiles and the kernel default to no authority. Hosting gate fails closed. User file pickers read local files. No credential broker was executed.,cargo test --manifest-path portable/spe-core-rs/Cargo.toml; node tools/deployment-safety-gate.mjs,cargo EXIT 0; gate EXIT 2,09_SECURITY_AUDIT.md,YES,PARTIAL,P2,none,none for local dry-run,
145,AUTHORITY,External write denied by default,Founder requirements ledger for this audit; confirmed against repository search at e0497f7. Not a new requirement.,provider profiles; capability contract; deployment gate,Profiles and the kernel default to no authority. Hosting gate fails closed. User file pickers read local files. No credential broker was executed.,cargo test --manifest-path portable/spe-core-rs/Cargo.toml; node tools/deployment-safety-gate.mjs,cargo EXIT 0; gate EXIT 2,09_SECURITY_AUDIT.md,YES,PARTIAL,P2,none,none for local dry-run,
146,AUTHORITY,Upload denied by default,Founder requirements ledger for this audit; confirmed against repository search at e0497f7. Not a new requirement.,provider profiles; capability contract; deployment gate,Profiles and the kernel default to no authority. Hosting gate fails closed. User file pickers read local files. No credential broker was executed.,cargo test --manifest-path portable/spe-core-rs/Cargo.toml; node tools/deployment-safety-gate.mjs,cargo EXIT 0; gate EXIT 2,09_SECURITY_AUDIT.md,YES,PARTIAL,P2,none,none for local dry-run,
147,AUTHORITY,Private to shared preview,Founder requirements ledger for this audit; confirmed against repository search at e0497f7. Not a new requirement.,apps/web/src/landing/ScrollStory.tsx,Copy mentions a private preview that may require sign-in on a future host. No shared-preview product exists in the app.,not a named assertion at this SHA,not executed,proofs/spe_master_audit_20260928/07_TEST_RESULTS.md,NO,SPECIFIED_ONLY,P3,hosting forbidden,do not build,
148,AUTHORITY,Explicit authority grants,Founder requirements ledger for this audit; confirmed against repository search at e0497f7. Not a new requirement.,execution contract panel and record,Selection is not an authority grant; escalated profile bind stays profile_authority_granted false.,apps/web npm run test:execution-contract,EXIT 0 PASS execution contract + profile bind + local record + conformance laws,logs/execution_contract.log,YES,PROVEN,,none,none,
149,AUTHORITY,No silent external action,Founder requirements ledger for this audit; confirmed against repository search at e0497f7. Not a new requirement.,provider profiles; capability contract; deployment gate,Profiles and the kernel default to no authority. Hosting gate fails closed. User file pickers read local files. No credential broker was executed.,cargo test --manifest-path portable/spe-core-rs/Cargo.toml; node tools/deployment-safety-gate.mjs,cargo EXIT 0; gate EXIT 2,09_SECURITY_AUDIT.md,YES,PARTIAL,P2,none,none for local dry-run,
150,AUTHORITY,Fail closed if enforcement unavailable,Founder requirements ledger for this audit; confirmed against repository search at e0497f7. Not a new requirement.,provider profiles; capability contract; deployment gate,Profiles and the kernel default to no authority. Hosting gate fails closed. User file pickers read local files. No credential broker was executed.,cargo test --manifest-path portable/spe-core-rs/Cargo.toml; node tools/deployment-safety-gate.mjs,cargo EXIT 0; gate EXIT 2,09_SECURITY_AUDIT.md,YES,PARTIAL,P2,none,none for local dry-run,
151,PROVIDER,Versioned provider profiles,Founder requirements ledger for this audit; confirmed against repository search at e0497f7. Not a new requirement.,data/provider_profiles_v1.json,"LOCAL_WASM, DETERMINISTIC, and EXTERNAL_OPTIONAL profiles exist with capability, network, and credential declarations. Execution-contract test binds DETERMINISTIC without granting authority.",apps/web npm run test:execution-contract,EXIT 0 PASS execution contract + profile bind + local record + conformance laws,13_PROVIDER_ADAPTER_MATRIX.md,YES,PARTIAL,P2,none,do not add hidden fallbacks,LOCAL_WASM requires_network false does not describe the cold same-origin wasm fetch.
152,PROVIDER,Local profile,Founder requirements ledger for this audit; confirmed against repository search at e0497f7. Not a new requirement.,data/provider_profiles_v1.json,"LOCAL_WASM, DETERMINISTIC, and EXTERNAL_OPTIONAL profiles exist with capability, network, and credential declarations. Execution-contract test binds DETERMINISTIC without granting authority.",apps/web npm run test:execution-contract,EXIT 0 PASS execution contract + profile bind + local record + conformance laws,13_PROVIDER_ADAPTER_MATRIX.md,YES,PARTIAL,P2,none,do not add hidden fallbacks,LOCAL_WASM requires_network false does not describe the cold same-origin wasm fetch.
153,PROVIDER,Deterministic profile,Founder requirements ledger for this audit; confirmed against repository search at e0497f7. Not a new requirement.,data/provider_profiles_v1.json,"LOCAL_WASM, DETERMINISTIC, and EXTERNAL_OPTIONAL profiles exist with capability, network, and credential declarations. Execution-contract test binds DETERMINISTIC without granting authority.",apps/web npm run test:execution-contract,EXIT 0 PASS execution contract + profile bind + local record + conformance laws,13_PROVIDER_ADAPTER_MATRIX.md,YES,PARTIAL,P2,none,do not add hidden fallbacks,LOCAL_WASM requires_network false does not describe the cold same-origin wasm fetch.
154,PROVIDER,Optional external provider profile,Founder requirements ledger for this audit; confirmed against repository search at e0497f7. Not a new requirement.,data/provider_profiles_v1.json,"LOCAL_WASM, DETERMINISTIC, and EXTERNAL_OPTIONAL profiles exist with capability, network, and credential declarations. Execution-contract test binds DETERMINISTIC without granting authority.",apps/web npm run test:execution-contract,EXIT 0 PASS execution contract + profile bind + local record + conformance laws,13_PROVIDER_ADAPTER_MATRIX.md,YES,PARTIAL,P2,none,do not add hidden fallbacks,LOCAL_WASM requires_network false does not describe the cold same-origin wasm fetch.
155,PROVIDER,Capability declarations,Founder requirements ledger for this audit; confirmed against repository search at e0497f7. Not a new requirement.,data/provider_profiles_v1.json,"LOCAL_WASM, DETERMINISTIC, and EXTERNAL_OPTIONAL profiles exist with capability, network, and credential declarations. Execution-contract test binds DETERMINISTIC without granting authority.",apps/web npm run test:execution-contract,EXIT 0 PASS execution contract + profile bind + local record + conformance laws,13_PROVIDER_ADAPTER_MATRIX.md,YES,PARTIAL,P2,none,do not add hidden fallbacks,LOCAL_WASM requires_network false does not describe the cold same-origin wasm fetch.
156,PROVIDER,Network requirements,Founder requirements ledger for this audit; confirmed against repository search at e0497f7. Not a new requirement.,data/provider_profiles_v1.json,"LOCAL_WASM, DETERMINISTIC, and EXTERNAL_OPTIONAL profiles exist with capability, network, and credential declarations. Execution-contract test binds DETERMINISTIC without granting authority.",apps/web npm run test:execution-contract,EXIT 0 PASS execution contract + profile bind + local record + conformance laws,13_PROVIDER_ADAPTER_MATRIX.md,YES,PARTIAL,P2,none,do not add hidden fallbacks,LOCAL_WASM requires_network false does not describe the cold same-origin wasm fetch.
157,PROVIDER,Credential requirements,Founder requirements ledger for this audit; confirmed against repository search at e0497f7. Not a new requirement.,data/provider_profiles_v1.json,"LOCAL_WASM, DETERMINISTIC, and EXTERNAL_OPTIONAL profiles exist with capability, network, and credential declarations. Execution-contract test binds DETERMINISTIC without granting authority.",apps/web npm run test:execution-contract,EXIT 0 PASS execution contract + profile bind + local record + conformance laws,13_PROVIDER_ADAPTER_MATRIX.md,YES,PARTIAL,P2,none,do not add hidden fallbacks,LOCAL_WASM requires_network false does not describe the cold same-origin wasm fetch.
158,PROVIDER,Unavailable capability state,Founder requirements ledger for this audit; confirmed against repository search at e0497f7. Not a new requirement.,capability_contract.rs,Missing capability does not fake success in Rust.,cargo test --manifest-path portable/spe-core-rs/Cargo.toml,missing_never_fakes_success passed,logs/cargo_test_online.log,YES,PARTIAL,P2,web UI unavailable state not separately tested,none,
159,PROVIDER,No hidden provider fallback,Founder requirements ledger for this audit; confirmed against repository search at e0497f7. Not a new requirement.,engine client,Fixture did not fall back to TypeScript. No test proved every provider switch refuses a hidden fallback.,apps/web npm run test:engine,EXIT 0 fixture VALID used_ts_fallback false sha256 8d482a17… matches public wasm imports 0,logs/engine.log,YES,PARTIAL,P2,none,keep the law when adapters appear,
160,PROVIDER,Thin adapters only,Founder requirements ledger for this audit; confirmed against repository search at e0497f7. Not a new requirement.,protocol render ANY_AI; packages/web-runtime/src/targets.ts,"ANY_AI is a render adapter. targets.ts is UI labels for chatgpt and claude, not protocol engines.",not a named assertion at this SHA,not executed,13_PROVIDER_ADAPTER_MATRIX.md,NO,PARTIAL,P2,none,do not grow a second kernel in adapters,
161,WEBSITE,Home,Founder requirements ledger for this audit; confirmed against repository search at e0497f7. Not a new requirement.,apps/web/src/landing/Hero.tsx; HeroStory; DotPattern,Frozen Home hero behavior executed in Chromium.,CHROME_PATH=/usr/bin/google-chrome node apps/web/scripts/test-hero-story.mjs (second run),EXIT 0 62 hero checks passed,logs/hero2.log,YES,PROVEN,,none,do not restyle Home,e2e Create click failed separately and was not treated as a Home visual defect to fix.
162,WEBSITE,Create,Founder requirements ledger for this audit; confirmed against repository search at e0497f7. Not a new requirement.,apps/web/src/routing.ts; composer,Routes exist. Create intent contract passed. Create compile selector missed in the lab. Workspace was not browser-walked.,apps/web npm run test:create-intent,EXIT 0 PASS Create Desired Output + Example intent contract,proofs/spe_master_audit_20260928/07_TEST_RESULTS.md,YES,PARTIAL,P2,none,report only,
163,WEBSITE,Code,Founder requirements ledger for this audit; confirmed against repository search at e0497f7. Not a new requirement.,apps/web/src/pages; routing.ts,"Pages exist. Capabilities source contract, Daily Lab source contracts, and privacy copy were checked. My Work has no node test. Full browser walk of every page was not done.",apps/web npm run test:capabilities-seo; apps/web npm run test:adversarial,EXIT 0,proofs/spe_master_audit_20260928/07_TEST_RESULTS.md,YES,PARTIAL,P2,none,report only,
164,WEBSITE,Daily Lab,Founder requirements ledger for this audit; confirmed against repository search at e0497f7. Not a new requirement.,apps/web/src/pages; routing.ts,"Pages exist. Capabilities source contract, Daily Lab source contracts, and privacy copy were checked. My Work has no node test. Full browser walk of every page was not done.",apps/web npm run test:capabilities-seo; apps/web npm run test:adversarial,EXIT 0,proofs/spe_master_audit_20260928/07_TEST_RESULTS.md,YES,PARTIAL,P2,none,report only,
165,WEBSITE,My Work,Founder requirements ledger for this audit; confirmed against repository search at e0497f7. Not a new requirement.,apps/web/src/pages; routing.ts,"Pages exist. Capabilities source contract, Daily Lab source contracts, and privacy copy were checked. My Work has no node test. Full browser walk of every page was not done.",apps/web npm run test:capabilities-seo; apps/web npm run test:adversarial,EXIT 0,proofs/spe_master_audit_20260928/07_TEST_RESULTS.md,YES,PARTIAL,P2,none,report only,
166,WEBSITE,Capabilities,Founder requirements ledger for this audit; confirmed against repository search at e0497f7. Not a new requirement.,apps/web/src/pages; routing.ts,"Pages exist. Capabilities source contract, Daily Lab source contracts, and privacy copy were checked. My Work has no node test. Full browser walk of every page was not done.",apps/web npm run test:capabilities-seo; apps/web npm run test:adversarial,EXIT 0,proofs/spe_master_audit_20260928/07_TEST_RESULTS.md,YES,PARTIAL,P2,none,report only,
167,WEBSITE,Privacy / Proof,Founder requirements ledger for this audit; confirmed against repository search at e0497f7. Not a new requirement.,apps/web/src/pages; routing.ts,"Pages exist. Capabilities source contract, Daily Lab source contracts, and privacy copy were checked. My Work has no node test. Full browser walk of every page was not done.",apps/web npm run test:capabilities-seo; apps/web npm run test:adversarial,EXIT 0,proofs/spe_master_audit_20260928/07_TEST_RESULTS.md,YES,PARTIAL,P2,none,report only,
168,WEBSITE,Workspace,Founder requirements ledger for this audit; confirmed against repository search at e0497f7. Not a new requirement.,apps/web/src/routing.ts; composer,Routes exist. Create intent contract passed. Create compile selector missed in the lab. Workspace was not browser-walked.,apps/web npm run test:create-intent,EXIT 0 PASS Create Desired Output + Example intent contract,proofs/spe_master_audit_20260928/07_TEST_RESULTS.md,YES,PARTIAL,P2,none,report only,
169,WEBSITE,Execution Contract Simple,Founder requirements ledger for this audit; confirmed against repository search at e0497f7. Not a new requirement.,execution contract panel,simple and inspect aria-pressed asserted in source.,apps/web npm run test:execution-contract,EXIT 0 PASS execution contract + profile bind + local record + conformance laws,logs/execution_contract.log,YES,PARTIAL,P2,not a keyboard walk of the panel,none,
170,WEBSITE,Execution Contract Inspect,Founder requirements ledger for this audit; confirmed against repository search at e0497f7. Not a new requirement.,execution contract panel,simple and inspect aria-pressed asserted in source.,apps/web npm run test:execution-contract,EXIT 0 PASS execution contract + profile bind + local record + conformance laws,logs/execution_contract.log,YES,PARTIAL,P2,not a keyboard walk of the panel,none,
171,WEBSITE,Dark theme,Founder requirements ledger for this audit; confirmed against repository search at e0497f7. Not a new requirement.,apps/web theme attributes,Dark theme path executed on Home.,CHROME_PATH=/usr/bin/google-chrome node apps/web/scripts/test-hero-story.mjs (second run); apps/web npm run test:theme-routes,hero dark checks passed; theme-routes EXIT 0,logs/hero2.log,YES,PROVEN,,none,do not restyle,
172,WEBSITE,Light theme,Founder requirements ledger for this audit; confirmed against repository search at e0497f7. Not a new requirement.,apps/web theme attributes,Light theme path executed on Home.,CHROME_PATH=/usr/bin/google-chrome node apps/web/scripts/test-hero-story.mjs (second run); apps/web npm run test:theme-routes,hero light checks passed; theme-routes EXIT 0,logs/hero2.log,YES,PROVEN,,none,do not restyle,Prior contrast closure is inside this SHA. Axe was not re-run in this audit.
173,WEBSITE,System theme,Founder requirements ledger for this audit; confirmed against repository search at e0497f7. Not a new requirement.,apps/web theme attributes,System theme resolved live to dark and light in the hero suite.,CHROME_PATH=/usr/bin/google-chrome node apps/web/scripts/test-hero-story.mjs (second run),system live dark and system live light passed,logs/hero2.log,YES,PROVEN,,none,do not restyle,
174,WEBSITE,Responsive mobile,Founder requirements ledger for this audit; confirmed against repository search at e0497f7. Not a new requirement.,hero suite,Hero ran reported desktop and 768 widths. Not a device lab of every route.,CHROME_PATH=/usr/bin/google-chrome node apps/web/scripts/test-hero-story.mjs (second run),EXIT 0 62 hero checks passed,logs/hero2.log,YES,PARTIAL,P2,real phones,human device pass,
175,WEBSITE,Desktop,Founder requirements ledger for this audit; confirmed against repository search at e0497f7. Not a new requirement.,hero suite,Desktop widths in the hero suite passed for Home.,CHROME_PATH=/usr/bin/google-chrome node apps/web/scripts/test-hero-story.mjs (second run),EXIT 0 62 hero checks passed,logs/hero2.log,YES,PARTIAL,P2,none,none for frozen Home,
176,WEBSITE,Reduced motion,Founder requirements ledger for this audit; confirmed against repository search at e0497f7. Not a new requirement.,hero reduced-motion checks; predeploy source,Home reduced-motion state passed in the hero suite. Predeploy checks the reduced-motion source contract.,CHROME_PATH=/usr/bin/google-chrome node apps/web/scripts/test-hero-story.mjs (second run); apps/web npm run test:predeploy-qa,both EXIT 0,logs/hero2.log,YES,PROVEN,,not every route live,none for Home,
177,WEBSITE,Accessible keyboard flows,Founder requirements ledger for this audit; confirmed against repository search at e0497f7. Not a new requirement.,hero keyboard pause; e2e script,Home keyboard pause passed. e2e script timed out looking for a Create button inside #spe-primary-nav.,apps/web npm run test:e2e:v1,EXIT 1 TimeoutError on Create button; homepage_vision_bytes_zero passed,logs/e2e_v1.log,YES,PARTIAL,P2,frozen header; do not edit,fix the test later only if founder asks; nav was not changed,
178,WEBSITE,Plain-English beginner UX,Founder requirements ledger for this audit; confirmed against repository search at e0497f7. Not a new requirement.,copy gate,Static copy gate found 0 unreviewed and 0 violations. That is not a beginner usability study.,apps/web npm run test:copy,EXIT 0 candidateCount 2361 unreviewed 0 violations [],logs/copy.log,YES,PARTIAL,P2,none,none,
179,WEBSITE,Advanced/technical inspection UX,Founder requirements ledger for this audit; confirmed against repository search at e0497f7. Not a new requirement.,execution contract inspect,Inspect presentation exists in source assertions.,apps/web npm run test:execution-contract,EXIT 0 PASS execution contract + profile bind + local record + conformance laws,logs/execution_contract.log,YES,PARTIAL,P2,none,none,
180,CREATE,Idea first,Founder requirements ledger for this audit; confirmed against repository search at e0497f7. Not a new requirement.,UnifiedComposer.tsx,"Create structure, tabs, and failure copy exist. Persistence and mobile disclosure were not reloaded or device-tested.",apps/web npm run test:create-intent,EXIT 0 PASS Create Desired Output + Example intent contract,logs/create_intent.log,YES,PARTIAL,P2,none,report only,
181,CREATE,Desired Output,Founder requirements ledger for this audit; confirmed against repository search at e0497f7. Not a new requirement.,UnifiedComposer.tsx,Desired Output on Create.,apps/web npm run test:create-intent,EXIT 0 PASS Create Desired Output + Example intent contract,logs/create_intent.log,YES,PROVEN,,none,none,
182,CREATE,Optional details later,Founder requirements ledger for this audit; confirmed against repository search at e0497f7. Not a new requirement.,UnifiedComposer.tsx,"Create structure, tabs, and failure copy exist. Persistence and mobile disclosure were not reloaded or device-tested.",apps/web npm run test:create-intent,EXIT 0 PASS Create Desired Output + Example intent contract,logs/create_intent.log,YES,PARTIAL,P2,none,report only,
183,CREATE,Tab persistence,Founder requirements ledger for this audit; confirmed against repository search at e0497f7. Not a new requirement.,UnifiedComposer.tsx,Tabs exist. No test reloads the page and checks tab state.,apps/web npm run test:create-intent,tabs asserted; persistence not asserted,logs/create_intent.log,NO,IMPLEMENTED_UNPROVEN,P2,none,add a persistence test only if founder asks,
184,CREATE,Source policy,Founder requirements ledger for this audit; confirmed against repository search at e0497f7. Not a new requirement.,UnifiedComposer.tsx,"Create structure, tabs, and failure copy exist. Persistence and mobile disclosure were not reloaded or device-tested.",apps/web npm run test:create-intent,EXIT 0 PASS Create Desired Output + Example intent contract,logs/create_intent.log,YES,PARTIAL,P2,none,report only,
185,CREATE,Automatic depth,Founder requirements ledger for this audit; confirmed against repository search at e0497f7. Not a new requirement.,depth routing in Rust; Create UI labels,Rust depth thresholds passed. Fast/Smart/Deep UI binding was not executed as a browser assertion.,cargo test --manifest-path portable/spe-core-rs/Cargo.toml,depth_routing_thresholds_match_vector passed,logs/cargo_test_online.log,YES,PARTIAL,P2,none,do not retune depth in this audit,
186,CREATE,Fast,Founder requirements ledger for this audit; confirmed against repository search at e0497f7. Not a new requirement.,depth routing in Rust; Create UI labels,Rust depth thresholds passed. Fast/Smart/Deep UI binding was not executed as a browser assertion.,cargo test --manifest-path portable/spe-core-rs/Cargo.toml,depth_routing_thresholds_match_vector passed,logs/cargo_test_online.log,YES,PARTIAL,P2,none,do not retune depth in this audit,
187,CREATE,Smart,Founder requirements ledger for this audit; confirmed against repository search at e0497f7. Not a new requirement.,depth routing in Rust; Create UI labels,Rust depth thresholds passed. Fast/Smart/Deep UI binding was not executed as a browser assertion.,cargo test --manifest-path portable/spe-core-rs/Cargo.toml,depth_routing_thresholds_match_vector passed,logs/cargo_test_online.log,YES,PARTIAL,P2,none,do not retune depth in this audit,
188,CREATE,Deep,Founder requirements ledger for this audit; confirmed against repository search at e0497f7. Not a new requirement.,depth routing in Rust; Create UI labels,Rust depth thresholds passed. Fast/Smart/Deep UI binding was not executed as a browser assertion.,cargo test --manifest-path portable/spe-core-rs/Cargo.toml,depth_routing_thresholds_match_vector passed,logs/cargo_test_online.log,YES,PARTIAL,P2,none,do not retune depth in this audit,
189,CREATE,Budget preservation,Founder requirements ledger for this audit; confirmed against repository search at e0497f7. Not a new requirement.,repository search,No budget-preservation runtime symbol found in py/rs/ts.,not a named assertion at this SHA,not executed,proofs/spe_master_audit_20260928/07_TEST_RESULTS.md,NO,NOT_FOUND,P1,none,do not invent a budget model in this audit,
190,CREATE,Constraint preservation,Founder requirements ledger for this audit; confirmed against repository search at e0497f7. Not a new requirement.,create-intent HARD classification,Create preserves HARD labeling in the contract test. Reconstruction weakening loop not executed.,apps/web npm run test:create-intent,EXIT 0 PASS Create Desired Output + Example intent contract,logs/create_intent.log,YES,PARTIAL,P2,pytest not installed,run optimizer tests,
191,CREATE,Example non-authority,Founder requirements ledger for this audit; confirmed against repository search at e0497f7. Not a new requirement.,UnifiedComposer.tsx,Example non-authority on Create.,apps/web npm run test:create-intent,EXIT 0 PASS Create Desired Output + Example intent contract,logs/create_intent.log,YES,PROVEN,,none,none,
192,CREATE,Mobile progressive disclosure,Founder requirements ledger for this audit; confirmed against repository search at e0497f7. Not a new requirement.,UnifiedComposer.tsx,"Create structure, tabs, and failure copy exist. Persistence and mobile disclosure were not reloaded or device-tested.",apps/web npm run test:create-intent,EXIT 0 PASS Create Desired Output + Example intent contract,logs/create_intent.log,YES,PARTIAL,P2,none,report only,
193,CREATE,Output result,Founder requirements ledger for this audit; confirmed against repository search at e0497f7. Not a new requirement.,Home compile lab; Create page,"Home produced a prompt. Create status selector was absent, so Create output was not measured.","Playwright lab against http://127.0.0.1:4194 (audit-only, script not committed)",home compile ok; create compile TimeoutError on missing selector,12_MASSIVE_INTENT_BASELINE.md,YES,PARTIAL,P2,harness selector,do not treat the timeout as an engine failure,
194,CREATE,Review,Founder requirements ledger for this audit; confirmed against repository search at e0497f7. Not a new requirement.,UnifiedComposer.tsx,"Create structure, tabs, and failure copy exist. Persistence and mobile disclosure were not reloaded or device-tested.",apps/web npm run test:create-intent,EXIT 0 PASS Create Desired Output + Example intent contract,logs/create_intent.log,YES,PARTIAL,P2,none,report only,
195,CREATE,Failure states,Founder requirements ledger for this audit; confirmed against repository search at e0497f7. Not a new requirement.,UnifiedComposer.tsx,"Create structure, tabs, and failure copy exist. Persistence and mobile disclosure were not reloaded or device-tested.",apps/web npm run test:create-intent,EXIT 0 PASS Create Desired Output + Example intent contract,logs/create_intent.log,YES,PARTIAL,P2,none,report only,
196,CODE,Screenshot upload,Founder requirements ledger for this audit; confirmed against repository search at e0497f7. Not a new requirement.,screenshotToCode.ts; Code route,"Code workflow, six targets, and scaffold tests exist. Claims must stay at prompt/scaffold.",apps/web npm run test:screenshot-fidelity && npm run test:screenshot-real,EXIT 0 both; scaffold/source assertions,14_MULTIMODAL_MATRIX.md,YES,PARTIAL,P1,none,do not describe scaffolds as compiled apps,
197,CODE,Clear code workflow,Founder requirements ledger for this audit; confirmed against repository search at e0497f7. Not a new requirement.,screenshotToCode.ts; Code route,"Code workflow, six targets, and scaffold tests exist. Claims must stay at prompt/scaffold.",apps/web npm run test:screenshot-fidelity && npm run test:screenshot-real,EXIT 0 both; scaffold/source assertions,14_MULTIMODAL_MATRIX.md,YES,PARTIAL,P1,none,do not describe scaffolds as compiled apps,
198,CODE,Target selection,Founder requirements ledger for this audit; confirmed against repository search at e0497f7. Not a new requirement.,screenshotToCode.ts; Code route,"Code workflow, six targets, and scaffold tests exist. Claims must stay at prompt/scaffold.",apps/web npm run test:screenshot-fidelity && npm run test:screenshot-real,EXIT 0 both; scaffold/source assertions,14_MULTIMODAL_MATRIX.md,YES,PARTIAL,P1,none,do not describe scaffolds as compiled apps,
199,CODE,Actual screenshot processing,Founder requirements ledger for this audit; confirmed against repository search at e0497f7. Not a new requirement.,screenshotToCode.ts,Processing builds a prompt/scaffold. It does not compile a running UI.,apps/web npm run test:screenshot-fidelity && npm run test:screenshot-real,EXIT 0 both; scaffold/source assertions,logs/screenshot_real.log,YES,PARTIAL,P1,none,same as screenshot targets,
200,CODE,Error handling,Founder requirements ledger for this audit; confirmed against repository search at e0497f7. Not a new requirement.,screenshotToCode.ts; Code route,"Code workflow, six targets, and scaffold tests exist. Claims must stay at prompt/scaffold.",apps/web npm run test:screenshot-fidelity && npm run test:screenshot-real,EXIT 0 both; scaffold/source assertions,14_MULTIMODAL_MATRIX.md,YES,PARTIAL,P1,none,do not describe scaffolds as compiled apps,
201,CODE,Mobile usability,Founder requirements ledger for this audit; confirmed against repository search at e0497f7. Not a new requirement.,Code route,No mobile browser pass of the Code page in this audit.,not a named assertion at this SHA,not executed,proofs/spe_master_audit_20260928/07_TEST_RESULTS.md,NO,IMPLEMENTED_UNPROVEN,P2,device lab,human mobile pass,
202,CODE,Truthful generated-code claims,Founder requirements ledger for this audit; confirmed against repository search at e0497f7. Not a new requirement.,screenshotToCode.ts; Code route,"Code workflow, six targets, and scaffold tests exist. Claims must stay at prompt/scaffold.",apps/web npm run test:screenshot-fidelity && npm run test:screenshot-real,EXIT 0 both; scaffold/source assertions,14_MULTIMODAL_MATRIX.md,YES,PARTIAL,P1,none,do not describe scaffolds as compiled apps,
203,DAILY_LAB,Curated inventory,Founder requirements ledger for this audit; confirmed against repository search at e0497f7. Not a new requirement.,apps/web/src/lab,"Finite queue of 14 3D specimens, honest FINITE_QUEUE status, LabStage chunk built. Not each specimen executed, and not a new specimen per calendar day.",apps/web npm run test:adversarial; apps/web npx vite build,adversarial EXIT 0; LabStage 5.57 kB plus r3f 831.35 kB,logs/adversarial.log,YES,PARTIAL,P2,none,keep finite-queue wording,
204,DAILY_LAB,Deterministic daily selection,Founder requirements ledger for this audit; confirmed against repository search at e0497f7. Not a new requirement.,dailyHero.ts; lab specimens,"Headline rotation is proven. Lab day selection is deterministic source, not a live date test in this run.",node apps/web/scripts/test-daily-hero.mjs,EXIT 0,logs/daily_hero.log,YES,PARTIAL,P2,none,none,
205,DAILY_LAB,Daily headline,Founder requirements ledger for this audit; confirmed against repository search at e0497f7. Not a new requirement.,apps/web/src/landing/dailyHero.ts,"31 headlines, deterministic local-day rotation.",node apps/web/scripts/test-daily-hero.mjs,EXIT 0; hero suite also checked 31 headlines at reported widths,logs/daily_hero.log,YES,PROVEN,,none,"wording versus finite rotation is a claim issue, not a selector bug",
206,DAILY_LAB,3D experiments,Founder requirements ledger for this audit; confirmed against repository search at e0497f7. Not a new requirement.,apps/web/src/lab,"Finite queue of 14 3D specimens, honest FINITE_QUEUE status, LabStage chunk built. Not each specimen executed, and not a new specimen per calendar day.",apps/web npm run test:adversarial; apps/web npx vite build,adversarial EXIT 0; LabStage 5.57 kB plus r3f 831.35 kB,logs/adversarial.log,YES,PARTIAL,P2,none,keep finite-queue wording,
207,DAILY_LAB,Storytelling experiments,Founder requirements ledger for this audit; confirmed against repository search at e0497f7. Not a new requirement.,apps/web/src/lab,"Finite queue of 14 3D specimens, honest FINITE_QUEUE status, LabStage chunk built. Not each specimen executed, and not a new specimen per calendar day.",apps/web npm run test:adversarial; apps/web npx vite build,adversarial EXIT 0; LabStage 5.57 kB plus r3f 831.35 kB,logs/adversarial.log,YES,PARTIAL,P2,none,keep finite-queue wording,
208,DAILY_LAB,Live preview,Founder requirements ledger for this audit; confirmed against repository search at e0497f7. Not a new requirement.,apps/web/src/lab,"Finite queue of 14 3D specimens, honest FINITE_QUEUE status, LabStage chunk built. Not each specimen executed, and not a new specimen per calendar day.",apps/web npm run test:adversarial; apps/web npx vite build,adversarial EXIT 0; LabStage 5.57 kB plus r3f 831.35 kB,logs/adversarial.log,YES,PARTIAL,P2,none,keep finite-queue wording,
209,DAILY_LAB,Pause,Founder requirements ledger for this audit; confirmed against repository search at e0497f7. Not a new requirement.,Home pause proven; lab reduced-motion source contract,Home pause passed. Lab reduced-motion is a source contract in adversarial tests.,CHROME_PATH=/usr/bin/google-chrome node apps/web/scripts/test-hero-story.mjs (second run); apps/web npm run test:adversarial,both EXIT 0,logs/hero2.log,YES,PARTIAL,P2,Daily Lab page not browser-walked,none,
210,DAILY_LAB,Reduced motion,Founder requirements ledger for this audit; confirmed against repository search at e0497f7. Not a new requirement.,Home pause proven; lab reduced-motion source contract,Home pause passed. Lab reduced-motion is a source contract in adversarial tests.,CHROME_PATH=/usr/bin/google-chrome node apps/web/scripts/test-hero-story.mjs (second run); apps/web npm run test:adversarial,both EXIT 0,logs/hero2.log,YES,PARTIAL,P2,Daily Lab page not browser-walked,none,
211,DAILY_LAB,Open in SPE,Founder requirements ledger for this audit; confirmed against repository search at e0497f7. Not a new requirement.,apps/web/src/lab,"Finite queue of 14 3D specimens, honest FINITE_QUEUE status, LabStage chunk built. Not each specimen executed, and not a new specimen per calendar day.",apps/web npm run test:adversarial; apps/web npx vite build,adversarial EXIT 0; LabStage 5.57 kB plus r3f 831.35 kB,logs/adversarial.log,YES,PARTIAL,P2,none,keep finite-queue wording,
212,DAILY_LAB,Prompt seed preservation,Founder requirements ledger for this audit; confirmed against repository search at e0497f7. Not a new requirement.,apps/web/src/lab,"Finite queue of 14 3D specimens, honest FINITE_QUEUE status, LabStage chunk built. Not each specimen executed, and not a new specimen per calendar day.",apps/web npm run test:adversarial; apps/web npx vite build,adversarial EXIT 0; LabStage 5.57 kB plus r3f 831.35 kB,logs/adversarial.log,YES,PARTIAL,P2,none,keep finite-queue wording,
213,DAILY_LAB,Provenance,Founder requirements ledger for this audit; confirmed against repository search at e0497f7. Not a new requirement.,apps/web/src/lab,"Finite queue of 14 3D specimens, honest FINITE_QUEUE status, LabStage chunk built. Not each specimen executed, and not a new specimen per calendar day.",apps/web npm run test:adversarial; apps/web npx vite build,adversarial EXIT 0; LabStage 5.57 kB plus r3f 831.35 kB,logs/adversarial.log,YES,PARTIAL,P2,none,keep finite-queue wording,
214,DAILY_LAB,Mobile,Founder requirements ledger for this audit; confirmed against repository search at e0497f7. Not a new requirement.,apps/web/src/lab,"Finite queue of 14 3D specimens, honest FINITE_QUEUE status, LabStage chunk built. Not each specimen executed, and not a new specimen per calendar day.",apps/web npm run test:adversarial; apps/web npx vite build,adversarial EXIT 0; LabStage 5.57 kB plus r3f 831.35 kB,logs/adversarial.log,YES,PARTIAL,P2,none,keep finite-queue wording,
215,DAILY_LAB,Finite versus truly new-daily distinction,Founder requirements ledger for this audit; confirmed against repository search at e0497f7. Not a new requirement.,DailyLab.tsx; dailyHero.ts; Hero.tsx,Lab source says FINITE_QUEUE. Home copy includes a fresh start every day over a 31-headline rotation.,node apps/web/scripts/test-daily-hero.mjs; apps/web npm run test:adversarial,EXIT 0,05_CONTRADICTION_MAP.md,YES,PARTIAL,P2,none,align Home daily wording only if founder unfreezes Home,Do not edit frozen Home in this audit.
216,MY_WORK,Opt-in local storage,Founder requirements ledger for this audit; confirmed against repository search at e0497f7. Not a new requirement.,apps/web/src/pages/MyWork.tsx; @spe/web-runtime history,"Opt-in history, save, clear, and reopen code exist. No node test executed history. No budget field.",not a named assertion at this SHA,not executed,proofs/spe_master_audit_20260928/07_TEST_RESULTS.md,NO,IMPLEMENTED_UNPROVEN,P2,none,add a history test when founder asks,indexedDB is intentionally absent.
217,MY_WORK,Save,Founder requirements ledger for this audit; confirmed against repository search at e0497f7. Not a new requirement.,apps/web/src/pages/MyWork.tsx; @spe/web-runtime history,"Opt-in history, save, clear, and reopen code exist. No node test executed history. No budget field.",not a named assertion at this SHA,not executed,proofs/spe_master_audit_20260928/07_TEST_RESULTS.md,NO,IMPLEMENTED_UNPROVEN,P2,none,add a history test when founder asks,indexedDB is intentionally absent.
218,MY_WORK,Reopen,Founder requirements ledger for this audit; confirmed against repository search at e0497f7. Not a new requirement.,apps/web/src/pages/MyWork.tsx; @spe/web-runtime history,"Opt-in history, save, clear, and reopen code exist. No node test executed history. No budget field.",not a named assertion at this SHA,not executed,proofs/spe_master_audit_20260928/07_TEST_RESULTS.md,NO,IMPLEMENTED_UNPROVEN,P2,none,add a history test when founder asks,indexedDB is intentionally absent.
219,MY_WORK,Delete where specified,Founder requirements ledger for this audit; confirmed against repository search at e0497f7. Not a new requirement.,apps/web/src/pages/MyWork.tsx; @spe/web-runtime history,"Opt-in history, save, clear, and reopen code exist. No node test executed history. No budget field.",not a named assertion at this SHA,not executed,proofs/spe_master_audit_20260928/07_TEST_RESULTS.md,NO,IMPLEMENTED_UNPROVEN,P2,none,add a history test when founder asks,indexedDB is intentionally absent.
220,MY_WORK,Constraints preserved,Founder requirements ledger for this audit; confirmed against repository search at e0497f7. Not a new requirement.,apps/web/src/pages/MyWork.tsx; @spe/web-runtime history,"Opt-in history, save, clear, and reopen code exist. No node test executed history. No budget field.",not a named assertion at this SHA,not executed,proofs/spe_master_audit_20260928/07_TEST_RESULTS.md,NO,IMPLEMENTED_UNPROVEN,P2,none,add a history test when founder asks,indexedDB is intentionally absent.
221,MY_WORK,Budget preserved,Founder requirements ledger for this audit; confirmed against repository search at e0497f7. Not a new requirement.,My Work,No budget field preserved in history.,not a named assertion at this SHA,not executed,proofs/spe_master_audit_20260928/07_TEST_RESULTS.md,NO,NOT_FOUND,P2,budget model absent,same as budget preservation,
222,MY_WORK,.spe relationship,Founder requirements ledger for this audit; confirmed against repository search at e0497f7. Not a new requirement.,apps/web/src/pages/MyWork.tsx; @spe/web-runtime history,"Opt-in history, save, clear, and reopen code exist. No node test executed history. No budget field.",not a named assertion at this SHA,not executed,proofs/spe_master_audit_20260928/07_TEST_RESULTS.md,NO,IMPLEMENTED_UNPROVEN,P2,none,add a history test when founder asks,indexedDB is intentionally absent.
223,MY_WORK,Offline behavior,Founder requirements ledger for this audit; confirmed against repository search at e0497f7. Not a new requirement.,apps/web/src/pages/MyWork.tsx; @spe/web-runtime history,"Opt-in history, save, clear, and reopen code exist. No node test executed history. No budget field.",not a named assertion at this SHA,not executed,proofs/spe_master_audit_20260928/07_TEST_RESULTS.md,NO,IMPLEMENTED_UNPROVEN,P2,none,add a history test when founder asks,indexedDB is intentionally absent.
224,MY_WORK,Privacy,Founder requirements ledger for this audit; confirmed against repository search at e0497f7. Not a new requirement.,apps/web/src/pages/MyWork.tsx; @spe/web-runtime history,"Opt-in history, save, clear, and reopen code exist. No node test executed history. No budget field.",not a named assertion at this SHA,not executed,proofs/spe_master_audit_20260928/07_TEST_RESULTS.md,NO,IMPLEMENTED_UNPROVEN,P2,none,add a history test when founder asks,indexedDB is intentionally absent.
225,PRIVACY,No hidden analytics,Founder requirements ledger for this audit; confirmed against repository search at e0497f7. Not a new requirement.,apps/web source; audit-deps; egress; predeploy,"No analytics SDK, prompt telemetry client, sale path, login wall, or email form found. Evaluate path made zero network calls.",apps/web npm run audit:deps; apps/web npm run audit:egress; apps/web npm run test:predeploy-qa,all EXIT 0,08_PRIVACY_EGRESS_AUDIT.md,YES,PROVEN,,not a legal opinion,none,Same evidence as the free-product rows. URL disclosure mismatch is row 233.
226,PRIVACY,No private prompt telemetry,Founder requirements ledger for this audit; confirmed against repository search at e0497f7. Not a new requirement.,apps/web source; audit-deps; egress; predeploy,"No analytics SDK, prompt telemetry client, sale path, login wall, or email form found. Evaluate path made zero network calls.",apps/web npm run audit:deps; apps/web npm run audit:egress; apps/web npm run test:predeploy-qa,all EXIT 0,08_PRIVACY_EGRESS_AUDIT.md,YES,PROVEN,,not a legal opinion,none,Same evidence as the free-product rows. URL disclosure mismatch is row 233.
227,PRIVACY,No data sale,Founder requirements ledger for this audit; confirmed against repository search at e0497f7. Not a new requirement.,apps/web source; audit-deps; egress; predeploy,"No analytics SDK, prompt telemetry client, sale path, login wall, or email form found. Evaluate path made zero network calls.",apps/web npm run audit:deps; apps/web npm run audit:egress; apps/web npm run test:predeploy-qa,all EXIT 0,08_PRIVACY_EGRESS_AUDIT.md,YES,PROVEN,,not a legal opinion,none,Same evidence as the free-product rows. URL disclosure mismatch is row 233.
228,PRIVACY,No raw voice storage,Founder requirements ledger for this audit; confirmed against repository search at e0497f7. Not a new requirement.,SpeechInput copy,UI says the browser may send audio to its speech service and SPE does not save audio. No test asserts disk absence of audio blobs.,apps/web npm run test:speech && node apps/web/scripts/test-speech-fallback-contract.mjs,"EXIT 0; fallback contract VERIFIED_GRACEFUL_FALLBACK (unsupported, permissionDeny, audioCaptureFail) in Chromium",logs/speech_fallback.log,YES,IMPLEMENTED_UNPROVEN,P2,speech vendor,keep the disclosure,
229,PRIVACY,Local core path,Founder requirements ledger for this audit; confirmed against repository search at e0497f7. Not a new requirement.,engine fixture; LOCAL_WASM,Local wasm evaluate path does not call a cloud model and showed zero egress.,apps/web npm run test:engine; apps/web npm run audit:egress,both EXIT 0,logs/engine.log,YES,PROVEN,,cold wasm fetch is same-origin; optional speech is separate,none,
230,PRIVACY,No mandatory cloud AI,Founder requirements ledger for this audit; confirmed against repository search at e0497f7. Not a new requirement.,engine fixture; LOCAL_WASM,Local wasm evaluate path does not call a cloud model and showed zero egress.,apps/web npm run test:engine; apps/web npm run audit:egress,both EXIT 0,logs/engine.log,YES,PROVEN,,cold wasm fetch is same-origin; optional speech is separate,none,
231,PRIVACY,No mandatory login,Founder requirements ledger for this audit; confirmed against repository search at e0497f7. Not a new requirement.,apps/web source; audit-deps; egress; predeploy,"No analytics SDK, prompt telemetry client, sale path, login wall, or email form found. Evaluate path made zero network calls.",apps/web npm run audit:deps; apps/web npm run audit:egress; apps/web npm run test:predeploy-qa,all EXIT 0,08_PRIVACY_EGRESS_AUDIT.md,YES,PROVEN,,not a legal opinion,none,Same evidence as the free-product rows. URL disclosure mismatch is row 233.
232,PRIVACY,No email collection,Founder requirements ledger for this audit; confirmed against repository search at e0497f7. Not a new requirement.,apps/web source; audit-deps; egress; predeploy,"No analytics SDK, prompt telemetry client, sale path, login wall, or email form found. Evaluate path made zero network calls.",apps/web npm run audit:deps; apps/web npm run audit:egress; apps/web npm run test:predeploy-qa,all EXIT 0,08_PRIVACY_EGRESS_AUDIT.md,YES,PROVEN,,not a legal opinion,none,Same evidence as the free-product rows. URL disclosure mismatch is row 233.
233,PRIVACY,Network egress disclosure,Founder requirements ledger for this audit; confirmed against repository search at e0497f7. Not a new requirement.,PrivacyProof.tsx; SpeechInput; provider profiles; My Work,Disclosures exist. URL contact sentence conflicts with CSP. Speech vendor contact is optional and disclosed. History is opt-in copy. Credentials are profile declarations.,apps/web npm run test:predeploy-qa,"EXIT 0 source contracts including csp, landmarks, focus, reduced motion, zoom meta, sw, speech fallback, no unexpected third-party connect",08_PRIVACY_EGRESS_AUDIT.md,YES,PARTIAL,P1,none,correct URL disclosure or acquisition; do not edit frozen Home,"Mismatch is blocked egress, not an undisclosed leak. Severity stays P1."
234,PRIVACY,Optional external-provider disclosure,Founder requirements ledger for this audit; confirmed against repository search at e0497f7. Not a new requirement.,PrivacyProof.tsx; SpeechInput; provider profiles; My Work,Disclosures exist. URL contact sentence conflicts with CSP. Speech vendor contact is optional and disclosed. History is opt-in copy. Credentials are profile declarations.,apps/web npm run test:predeploy-qa,"EXIT 0 source contracts including csp, landmarks, focus, reduced motion, zoom meta, sw, speech fallback, no unexpected third-party connect",08_PRIVACY_EGRESS_AUDIT.md,YES,PARTIAL,P1,none,correct URL disclosure or acquisition; do not edit frozen Home,"Mismatch is blocked egress, not an undisclosed leak. Severity stays P1."
235,PRIVACY,Credentials behavior,Founder requirements ledger for this audit; confirmed against repository search at e0497f7. Not a new requirement.,PrivacyProof.tsx; SpeechInput; provider profiles; My Work,Disclosures exist. URL contact sentence conflicts with CSP. Speech vendor contact is optional and disclosed. History is opt-in copy. Credentials are profile declarations.,apps/web npm run test:predeploy-qa,"EXIT 0 source contracts including csp, landmarks, focus, reduced motion, zoom meta, sw, speech fallback, no unexpected third-party connect",08_PRIVACY_EGRESS_AUDIT.md,YES,PARTIAL,P1,none,correct URL disclosure or acquisition; do not edit frozen Home,"Mismatch is blocked egress, not an undisclosed leak. Severity stays P1."
236,PRIVACY,Browser storage disclosure,Founder requirements ledger for this audit; confirmed against repository search at e0497f7. Not a new requirement.,PrivacyProof.tsx; SpeechInput; provider profiles; My Work,Disclosures exist. URL contact sentence conflicts with CSP. Speech vendor contact is optional and disclosed. History is opt-in copy. Credentials are profile declarations.,apps/web npm run test:predeploy-qa,"EXIT 0 source contracts including csp, landmarks, focus, reduced motion, zoom meta, sw, speech fallback, no unexpected third-party connect",08_PRIVACY_EGRESS_AUDIT.md,YES,PARTIAL,P1,none,correct URL disclosure or acquisition; do not edit frozen Home,"Mismatch is blocked egress, not an undisclosed leak. Severity stays P1."
237,OFFLINE_PWA,Manifest,Founder requirements ledger for this audit; confirmed against repository search at e0497f7. Not a new requirement.,apps/web/public/manifest.webmanifest; sw.js; index.html,"Manifest is linked. sw.js precaches shell, wasm, and sha256 json, falls back navigate to cached index.html, and does not cache POST. Offline behavior was not executed live.",apps/web npm run test:predeploy-qa,service_worker_present only,18_BUILD_RELEASE_STATUS.md,NO,IMPLEMENTED_UNPROVEN,P2,live offline walk,offline walk on a later mission,
238,OFFLINE_PWA,Service worker,Founder requirements ledger for this audit; confirmed against repository search at e0497f7. Not a new requirement.,apps/web/public/sw.js; apps/web/src/pwa.ts,Service worker file and registration are present.,apps/web npm run test:predeploy-qa; apps/web npm run test:adversarial,service_worker_present passed in both,logs/predeploy_qa.log,YES,PROVEN,,offline navigation not re-tested live,live offline shell remains unproven,Presence is proven. Offline behavior is a separate row.
239,OFFLINE_PWA,Cache strategy,Founder requirements ledger for this audit; confirmed against repository search at e0497f7. Not a new requirement.,apps/web/public/manifest.webmanifest; sw.js; index.html,"Manifest is linked. sw.js precaches shell, wasm, and sha256 json, falls back navigate to cached index.html, and does not cache POST. Offline behavior was not executed live.",apps/web npm run test:predeploy-qa,service_worker_present only,18_BUILD_RELEASE_STATUS.md,NO,IMPLEMENTED_UNPROVEN,P2,live offline walk,offline walk on a later mission,
240,OFFLINE_PWA,Offline shell,Founder requirements ledger for this audit; confirmed against repository search at e0497f7. Not a new requirement.,apps/web/public/manifest.webmanifest; sw.js; index.html,"Manifest is linked. sw.js precaches shell, wasm, and sha256 json, falls back navigate to cached index.html, and does not cache POST. Offline behavior was not executed live.",apps/web npm run test:predeploy-qa,service_worker_present only,18_BUILD_RELEASE_STATUS.md,NO,IMPLEMENTED_UNPROVEN,P2,live offline walk,offline walk on a later mission,
241,OFFLINE_PWA,WASM offline availability,Founder requirements ledger for this audit; confirmed against repository search at e0497f7. Not a new requirement.,apps/web/public/manifest.webmanifest; sw.js; index.html,"Manifest is linked. sw.js precaches shell, wasm, and sha256 json, falls back navigate to cached index.html, and does not cache POST. Offline behavior was not executed live.",apps/web npm run test:predeploy-qa,service_worker_present only,18_BUILD_RELEASE_STATUS.md,NO,IMPLEMENTED_UNPROVEN,P2,live offline walk,offline walk on a later mission,
242,OFFLINE_PWA,Offline compilation,Founder requirements ledger for this audit; confirmed against repository search at e0497f7. Not a new requirement.,apps/web/public/manifest.webmanifest; sw.js; index.html,"Manifest is linked. sw.js precaches shell, wasm, and sha256 json, falls back navigate to cached index.html, and does not cache POST. Offline behavior was not executed live.",apps/web npm run test:predeploy-qa,service_worker_present only,18_BUILD_RELEASE_STATUS.md,NO,IMPLEMENTED_UNPROVEN,P2,live offline walk,offline walk on a later mission,
243,OFFLINE_PWA,Stale navigation,Founder requirements ledger for this audit; confirmed against repository search at e0497f7. Not a new requirement.,apps/web/public/manifest.webmanifest; sw.js; index.html,"Manifest is linked. sw.js precaches shell, wasm, and sha256 json, falls back navigate to cached index.html, and does not cache POST. Offline behavior was not executed live.",apps/web npm run test:predeploy-qa,service_worker_present only,18_BUILD_RELEASE_STATUS.md,NO,IMPLEMENTED_UNPROVEN,P2,live offline walk,offline walk on a later mission,
244,OFFLINE_PWA,Update strategy,Founder requirements ledger for this audit; confirmed against repository search at e0497f7. Not a new requirement.,apps/web/public/manifest.webmanifest; sw.js; index.html,"Manifest is linked. sw.js precaches shell, wasm, and sha256 json, falls back navigate to cached index.html, and does not cache POST. Offline behavior was not executed live.",apps/web npm run test:predeploy-qa,service_worker_present only,18_BUILD_RELEASE_STATUS.md,NO,IMPLEMENTED_UNPROVEN,P2,live offline walk,offline walk on a later mission,
245,OFFLINE_PWA,Network-failure UX,Founder requirements ledger for this audit; confirmed against repository search at e0497f7. Not a new requirement.,apps/web/public/manifest.webmanifest; sw.js; index.html,"Manifest is linked. sw.js precaches shell, wasm, and sha256 json, falls back navigate to cached index.html, and does not cache POST. Offline behavior was not executed live.",apps/web npm run test:predeploy-qa,service_worker_present only,18_BUILD_RELEASE_STATUS.md,NO,IMPLEMENTED_UNPROVEN,P2,live offline walk,offline walk on a later mission,
246,SECURITY,CSP,Founder requirements ledger for this audit; confirmed against repository search at e0497f7. Not a new requirement.,apps/web/index.html; apps/web/public/_headers,CSP source: connect-src 'self'; script-src 'self' 'wasm-unsafe-eval'; frame-ancestors 'none'.,apps/web npm run test:predeploy-qa,csp_headers passed,logs/predeploy_qa.log,YES,PROVEN,,live header enforcement is in the hosting gate and was not deployed,do not treat source CSP as a production header proof,
247,SECURITY,Security headers,Founder requirements ledger for this audit; confirmed against repository search at e0497f7. Not a new requirement.,apps/web/public/_headers,"Artifact headers include nosniff, referrer, COOP/CORP, microphone=(self). Live header check failed closed because nothing is hosted.",node tools/deployment-safety-gate.mjs,security_headers_live in the failed set; artifact check is inside the script,logs/deploy_gate.log,YES,PARTIAL,P2,hosting forbidden,do not deploy to prove headers,
248,SECURITY,Dependency audit,Founder requirements ledger for this audit; confirmed against repository search at e0497f7. Not a new requirement.,apps/web/scripts/audit-deps.mjs,Dependency gate.,apps/web npm run audit:deps,EXIT 0 free_deps_only true banned_hits [],logs/deps.log,YES,PROVEN,,npm audit CVE database not consulted,not a vulnerability scan,
249,SECURITY,Secrets scan,Founder requirements ledger for this audit; confirmed against repository search at e0497f7. Not a new requirement.,this audit,No secrets scanner was executed.,not a named assertion at this SHA,not executed,09_SECURITY_AUDIT.md,NO,NOT_FOUND,P2,scanner not run,run a secrets scan on a later mission,
250,SECURITY,Prompt injection isolation,Founder requirements ledger for this audit; confirmed against repository search at e0497f7. Not a new requirement.,context_protocol malicious_source_payload_rejected,One Rust rejection test passed. Not a penetration test.,cargo test --manifest-path portable/spe-core-rs/Cargo.toml,malicious_source_payload_rejected passed,logs/cargo_test_online.log,YES,PARTIAL,P2,none,do not claim a pentest,
251,SECURITY,URL hostile-content isolation,Founder requirements ledger for this audit; confirmed against repository search at e0497f7. Not a new requirement.,urlIngest.ts; CSP; adversarial untrusted boundary,Untrusted boundary marker is in source and the adversarial test passed. Acquisition versus CSP is unresolved.,apps/web npm run test:adversarial; apps/web npm run test:predeploy-qa,EXIT 0,09_SECURITY_AUDIT.md,YES,PARTIAL,P1,CSP,align URL behavior,
252,SECURITY,HTML sanitization,Founder requirements ledger for this audit; confirmed against repository search at e0497f7. Not a new requirement.,media limits; sw.js; provider profiles; audit-deps,"Fail-closed media limits and dependency gate passed. HTML sanitizer depth, SW threat model, and credential enforcement were not penetration-tested.",apps/web npm run audit:deps; apps/web npm run test:predeploy-qa,EXIT 0,09_SECURITY_AUDIT.md,YES,PARTIAL,P2,no pentest,do not claim penetration testing,
253,SECURITY,External script audit,Founder requirements ledger for this audit; confirmed against repository search at e0497f7. Not a new requirement.,CSP; predeploy; vite build,"No unexpected third-party connect in the source contract. Vite warned that onnxruntime-web uses eval. ort wasm is 11,246,032 bytes.",apps/web npm run test:predeploy-qa; apps/web npx vite build,predeploy EXIT 0; vite EXIT 0 with eval warning,logs/vite_build.log,YES,PARTIAL,P2,none,track the onnx eval warning,
254,SECURITY,WASM integrity,Founder requirements ledger for this audit; confirmed against repository search at e0497f7. Not a new requirement.,apps/web/src/engine/engine.worker.ts; public/spe_wasm.sha256.json,Worker verifies wasm sha256 before instantiate. Fixture hash matched.,apps/web npm run test:engine,EXIT 0 fixture VALID used_ts_fallback false sha256 8d482a17… matches public wasm imports 0,logs/engine.log,YES,PROVEN,,not rebuilt from Rust here,reproducible rebuild,
255,SECURITY,Service-worker security,Founder requirements ledger for this audit; confirmed against repository search at e0497f7. Not a new requirement.,media limits; sw.js; provider profiles; audit-deps,"Fail-closed media limits and dependency gate passed. HTML sanitizer depth, SW threat model, and credential enforcement were not penetration-tested.",apps/web npm run audit:deps; apps/web npm run test:predeploy-qa,EXIT 0,09_SECURITY_AUDIT.md,YES,PARTIAL,P2,no pentest,do not claim penetration testing,
256,SECURITY,Filesystem authority,Founder requirements ledger for this audit; confirmed against repository search at e0497f7. Not a new requirement.,media limits; sw.js; provider profiles; audit-deps,"Fail-closed media limits and dependency gate passed. HTML sanitizer depth, SW threat model, and credential enforcement were not penetration-tested.",apps/web npm run audit:deps; apps/web npm run test:predeploy-qa,EXIT 0,09_SECURITY_AUDIT.md,YES,PARTIAL,P2,no pentest,do not claim penetration testing,
257,SECURITY,Network authority,Founder requirements ledger for this audit; confirmed against repository search at e0497f7. Not a new requirement.,media limits; sw.js; provider profiles; audit-deps,"Fail-closed media limits and dependency gate passed. HTML sanitizer depth, SW threat model, and credential enforcement were not penetration-tested.",apps/web npm run audit:deps; apps/web npm run test:predeploy-qa,EXIT 0,09_SECURITY_AUDIT.md,YES,PARTIAL,P2,no pentest,do not claim penetration testing,
258,SECURITY,Credential authority,Founder requirements ledger for this audit; confirmed against repository search at e0497f7. Not a new requirement.,media limits; sw.js; provider profiles; audit-deps,"Fail-closed media limits and dependency gate passed. HTML sanitizer depth, SW threat model, and credential enforcement were not penetration-tested.",apps/web npm run audit:deps; apps/web npm run test:predeploy-qa,EXIT 0,09_SECURITY_AUDIT.md,YES,PARTIAL,P2,no pentest,do not claim penetration testing,
259,SECURITY,Supply-chain controls,Founder requirements ledger for this audit; confirmed against repository search at e0497f7. Not a new requirement.,media limits; sw.js; provider profiles; audit-deps,"Fail-closed media limits and dependency gate passed. HTML sanitizer depth, SW threat model, and credential enforcement were not penetration-tested.",apps/web npm run audit:deps; apps/web npm run test:predeploy-qa,EXIT 0,09_SECURITY_AUDIT.md,YES,PARTIAL,P2,no pentest,do not claim penetration testing,
260,REPO_COMPUTER_USE,repository_access capability,Founder requirements ledger for this audit; confirmed against repository search at e0497f7. Not a new requirement.,data/provider_profiles_v1.json,"repository_access, file_access, and browser/computer-use are declared read/inspect. apps/web does not execute them.",not a named assertion at this SHA,not executed,15_DISTRIBUTION_MATRIX.md,NO,PARTIAL,P1,Batch H real automation recorded as blocked non-goal,do not pretend declaration is execution,DECLARED_CAPABILITY != EXECUTION_AVAILABLE.
261,REPO_COMPUTER_USE,file_access,Founder requirements ledger for this audit; confirmed against repository search at e0497f7. Not a new requirement.,data/provider_profiles_v1.json,"repository_access, file_access, and browser/computer-use are declared read/inspect. apps/web does not execute them.",not a named assertion at this SHA,not executed,15_DISTRIBUTION_MATRIX.md,NO,PARTIAL,P1,Batch H real automation recorded as blocked non-goal,do not pretend declaration is execution,DECLARED_CAPABILITY != EXECUTION_AVAILABLE.
262,REPO_COMPUTER_USE,Browser/computer-use capability,Founder requirements ledger for this audit; confirmed against repository search at e0497f7. Not a new requirement.,data/provider_profiles_v1.json,"repository_access, file_access, and browser/computer-use are declared read/inspect. apps/web does not execute them.",not a named assertion at this SHA,not executed,15_DISTRIBUTION_MATRIX.md,NO,PARTIAL,P1,Batch H real automation recorded as blocked non-goal,do not pretend declaration is execution,DECLARED_CAPABILITY != EXECUTION_AVAILABLE.
263,REPO_COMPUTER_USE,Capability declaration,Founder requirements ledger for this audit; confirmed against repository search at e0497f7. Not a new requirement.,portable/spe-core-rs/tests/capability_contract.rs,Missing capability never fakes success; core cannot run local execution; authority is not inferred.,cargo test --manifest-path portable/spe-core-rs/Cargo.toml,capability_contract 4/4 passed,logs/cargo_test_online.log,YES,PROVEN,,web declared capabilities are not an execution bridge,none for the kernel contract,
264,REPO_COMPUTER_USE,Capability routing,Founder requirements ledger for this audit; confirmed against repository search at e0497f7. Not a new requirement.,Rust capability contract; wasm sandbox; local dry-run record,Kernel capability law and wasm evaluate path exist. No OS sandbox or computer-use observer ran.,cargo test --manifest-path portable/spe-core-rs/Cargo.toml; apps/web npm run test:engine,EXIT 0,15_DISTRIBUTION_MATRIX.md,YES,PARTIAL,P2,none,do not add computer use in this audit,
265,REPO_COMPUTER_USE,Runtime execution bridge,Founder requirements ledger for this audit; confirmed against repository search at e0497f7. Not a new requirement.,Rust capability contract; wasm sandbox; local dry-run record,Kernel capability law and wasm evaluate path exist. No OS sandbox or computer-use observer ran.,cargo test --manifest-path portable/spe-core-rs/Cargo.toml; apps/web npm run test:engine,EXIT 0,15_DISTRIBUTION_MATRIX.md,YES,PARTIAL,P2,none,do not add computer use in this audit,
266,REPO_COMPUTER_USE,Sandbox,Founder requirements ledger for this audit; confirmed against repository search at e0497f7. Not a new requirement.,Rust capability contract; wasm sandbox; local dry-run record,Kernel capability law and wasm evaluate path exist. No OS sandbox or computer-use observer ran.,cargo test --manifest-path portable/spe-core-rs/Cargo.toml; apps/web npm run test:engine,EXIT 0,15_DISTRIBUTION_MATRIX.md,YES,PARTIAL,P2,none,do not add computer use in this audit,
267,REPO_COMPUTER_USE,Authority,Founder requirements ledger for this audit; confirmed against repository search at e0497f7. Not a new requirement.,Rust capability contract; wasm sandbox; local dry-run record,Kernel capability law and wasm evaluate path exist. No OS sandbox or computer-use observer ran.,cargo test --manifest-path portable/spe-core-rs/Cargo.toml; apps/web npm run test:engine,EXIT 0,15_DISTRIBUTION_MATRIX.md,YES,PARTIAL,P2,none,do not add computer use in this audit,
268,REPO_COMPUTER_USE,Observer/proof,Founder requirements ledger for this audit; confirmed against repository search at e0497f7. Not a new requirement.,Rust capability contract; wasm sandbox; local dry-run record,Kernel capability law and wasm evaluate path exist. No OS sandbox or computer-use observer ran.,cargo test --manifest-path portable/spe-core-rs/Cargo.toml; apps/web npm run test:engine,EXIT 0,15_DISTRIBUTION_MATRIX.md,YES,PARTIAL,P2,none,do not add computer use in this audit,
269,VOICE,Voice input,Founder requirements ledger for this audit; confirmed against repository search at e0497f7. Not a new requirement.,SpeechInput,Web Speech path exists. Chromium fallback contract passed. Live recognition was not qualified.,apps/web npm run test:speech && node apps/web/scripts/test-speech-fallback-contract.mjs,"EXIT 0; fallback contract VERIFIED_GRACEFUL_FALLBACK (unsupported, permissionDeny, audioCaptureFail) in Chromium",logs/speech_fallback.log,YES,PARTIAL,P1,real devices and speech vendors,device qualification,
270,VOICE,Permission handling,Founder requirements ledger for this audit; confirmed against repository search at e0497f7. Not a new requirement.,speech fallback contract,permissionDeny case passed in Chromium with typing still usable.,apps/web npm run test:speech && node apps/web/scripts/test-speech-fallback-contract.mjs,"EXIT 0; fallback contract VERIFIED_GRACEFUL_FALLBACK (unsupported, permissionDeny, audioCaptureFail) in Chromium",logs/speech_fallback.log,YES,PROVEN,,other browsers,device pass,
271,VOICE,Speech recognition,Founder requirements ledger for this audit; confirmed against repository search at e0497f7. Not a new requirement.,SpeechInput,Web Speech path exists. Chromium fallback contract passed. Live recognition was not qualified.,apps/web npm run test:speech && node apps/web/scripts/test-speech-fallback-contract.mjs,"EXIT 0; fallback contract VERIFIED_GRACEFUL_FALLBACK (unsupported, permissionDeny, audioCaptureFail) in Chromium",logs/speech_fallback.log,YES,PARTIAL,P1,real devices and speech vendors,device qualification,
272,VOICE,Fallback,Founder requirements ledger for this audit; confirmed against repository search at e0497f7. Not a new requirement.,apps/web speech fallback contract,"Unsupported, permission deny, and audio-capture failure stay usable with typing.",apps/web npm run test:speech && node apps/web/scripts/test-speech-fallback-contract.mjs,"EXIT 0; fallback contract VERIFIED_GRACEFUL_FALLBACK (unsupported, permissionDeny, audioCaptureFail) in Chromium",logs/speech_fallback.log,YES,PROVEN,,Safari/Android/iPhone qualification still open,device qualification,Chromium contract only.
273,VOICE,Raw-audio persistence law,Founder requirements ledger for this audit; confirmed against repository search at e0497f7. Not a new requirement.,SpeechInput disclosure,Copy forbids SPE audio retention. Persistence was not traced on disk.,apps/web npm run test:speech && node apps/web/scripts/test-speech-fallback-contract.mjs,"EXIT 0; fallback contract VERIFIED_GRACEFUL_FALLBACK (unsupported, permissionDeny, audioCaptureFail) in Chromium",logs/speech.log,NO,IMPLEMENTED_UNPROVEN,P2,none,keep disclosure,
274,VOICE,Voice to intent,Founder requirements ledger for this audit; confirmed against repository search at e0497f7. Not a new requirement.,SpeechInput,Web Speech path exists. Chromium fallback contract passed. Live recognition was not qualified.,apps/web npm run test:speech && node apps/web/scripts/test-speech-fallback-contract.mjs,"EXIT 0; fallback contract VERIFIED_GRACEFUL_FALLBACK (unsupported, permissionDeny, audioCaptureFail) in Chromium",logs/speech_fallback.log,YES,PARTIAL,P1,real devices and speech vendors,device qualification,
275,VOICE,Voice cannot authorize actions,Founder requirements ledger for this audit; confirmed against repository search at e0497f7. Not a new requirement.,speech path vs execution record,No voice-to-authority grant found. No test named that law was executed.,apps/web npm run test:execution-contract,contract has no voice grant; law not isolated as a test,logs/execution_contract.log,NO,IMPLEMENTED_UNPROVEN,P2,none,add an explicit negative test later,
276,INLINE_ASSISTANT,Browser integration,Founder requirements ledger for this audit; confirmed against repository search at e0497f7. Not a new requirement.,repository search,"No Grammarly-style inline assistant, extension, or review-before-replace flow.",not a named assertion at this SHA,not executed,15_DISTRIBUTION_MATRIX.md,NO,NOT_FOUND,P1,none,do not build in this audit,docs mention an extension adapter as not shipped.
277,INLINE_ASSISTANT,Desktop integration,Founder requirements ledger for this audit; confirmed against repository search at e0497f7. Not a new requirement.,repository search,"No Grammarly-style inline assistant, extension, or review-before-replace flow.",not a named assertion at this SHA,not executed,15_DISTRIBUTION_MATRIX.md,NO,NOT_FOUND,P1,none,do not build in this audit,docs mention an extension adapter as not shipped.
278,INLINE_ASSISTANT,Mobile integration,Founder requirements ledger for this audit; confirmed against repository search at e0497f7. Not a new requirement.,repository search,"No Grammarly-style inline assistant, extension, or review-before-replace flow.",not a named assertion at this SHA,not executed,15_DISTRIBUTION_MATRIX.md,NO,NOT_FOUND,P1,none,do not build in this audit,docs mention an extension adapter as not shipped.
279,INLINE_ASSISTANT,Explicit invocation,Founder requirements ledger for this audit; confirmed against repository search at e0497f7. Not a new requirement.,repository search,"No Grammarly-style inline assistant, extension, or review-before-replace flow.",not a named assertion at this SHA,not executed,15_DISTRIBUTION_MATRIX.md,NO,NOT_FOUND,P1,none,do not build in this audit,docs mention an extension adapter as not shipped.
280,INLINE_ASSISTANT,No background clipboard,Founder requirements ledger for this audit; confirmed against repository search at e0497f7. Not a new requirement.,App.tsx copy buttons,No background clipboard listener or keystroke logger found. Clipboard writes are explicit Copy actions. There is no assistant whose privacy can be proven.,apps/web npm run test:predeploy-qa,clipboard_deny_message passed,08_PRIVACY_EGRESS_AUDIT.md,NO,IMPLEMENTED_UNPROVEN,P3,none,none,
281,INLINE_ASSISTANT,No keystroke logging,Founder requirements ledger for this audit; confirmed against repository search at e0497f7. Not a new requirement.,App.tsx copy buttons,No background clipboard listener or keystroke logger found. Clipboard writes are explicit Copy actions. There is no assistant whose privacy can be proven.,apps/web npm run test:predeploy-qa,clipboard_deny_message passed,08_PRIVACY_EGRESS_AUDIT.md,NO,IMPLEMENTED_UNPROVEN,P3,none,none,
282,INLINE_ASSISTANT,Review before replace,Founder requirements ledger for this audit; confirmed against repository search at e0497f7. Not a new requirement.,repository search,"No Grammarly-style inline assistant, extension, or review-before-replace flow.",not a named assertion at this SHA,not executed,15_DISTRIBUTION_MATRIX.md,NO,NOT_FOUND,P1,none,do not build in this audit,docs mention an extension adapter as not shipped.
283,INLINE_ASSISTANT,Privacy of the assistant,Founder requirements ledger for this audit; confirmed against repository search at e0497f7. Not a new requirement.,App.tsx copy buttons,No background clipboard listener or keystroke logger found. Clipboard writes are explicit Copy actions. There is no assistant whose privacy can be proven.,apps/web npm run test:predeploy-qa,clipboard_deny_message passed,08_PRIVACY_EGRESS_AUDIT.md,NO,IMPLEMENTED_UNPROVEN,P3,none,none,
284,INLINE_ASSISTANT,Adapter/plugin implementation,Founder requirements ledger for this audit; confirmed against repository search at e0497f7. Not a new requirement.,repository search,"No Grammarly-style inline assistant, extension, or review-before-replace flow.",not a named assertion at this SHA,not executed,15_DISTRIBUTION_MATRIX.md,NO,NOT_FOUND,P1,none,do not build in this audit,docs mention an extension adapter as not shipped.
285,DISTRIBUTION,MCP server/interface,Founder requirements ledger for this audit; confirmed against repository search at e0497f7. Not a new requirement.,docs/UNIVERSAL_PLATFORM_ROADMAP.md; spe_runtime/portability/conformance.py,PLATFORM:MCP_SERVER is PLANNED.,python3 -m pytest,EXIT 1 ModuleNotFoundError: No module named pytest; suite not executed,15_DISTRIBUTION_MATRIX.md,NO,SPECIFIED_ONLY,P1,pytest not installed,do not mark planned as shipped,
286,DISTRIBUTION,ChatGPT integration path,Founder requirements ledger for this audit; confirmed against repository search at e0497f7. Not a new requirement.,packages/web-runtime/src/targets.ts,"Labels only. No ChatGPT, Claude, Cursor, or coding-agent protocol adapter.",not a named assertion at this SHA,not executed,13_PROVIDER_ADAPTER_MATRIX.md,NO,NOT_FOUND,P1,none,do not build adapters in this audit,
287,DISTRIBUTION,Claude integration path,Founder requirements ledger for this audit; confirmed against repository search at e0497f7. Not a new requirement.,packages/web-runtime/src/targets.ts,"Labels only. No ChatGPT, Claude, Cursor, or coding-agent protocol adapter.",not a named assertion at this SHA,not executed,13_PROVIDER_ADAPTER_MATRIX.md,NO,NOT_FOUND,P1,none,do not build adapters in this audit,
288,DISTRIBUTION,Cursor integration,Founder requirements ledger for this audit; confirmed against repository search at e0497f7. Not a new requirement.,packages/web-runtime/src/targets.ts,"Labels only. No ChatGPT, Claude, Cursor, or coding-agent protocol adapter.",not a named assertion at this SHA,not executed,13_PROVIDER_ADAPTER_MATRIX.md,NO,NOT_FOUND,P1,none,do not build adapters in this audit,
289,DISTRIBUTION,Coding-agent integration,Founder requirements ledger for this audit; confirmed against repository search at e0497f7. Not a new requirement.,packages/web-runtime/src/targets.ts,"Labels only. No ChatGPT, Claude, Cursor, or coding-agent protocol adapter.",not a named assertion at this SHA,not executed,13_PROVIDER_ADAPTER_MATRIX.md,NO,NOT_FOUND,P1,none,do not build adapters in this audit,
290,DISTRIBUTION,Generic AI adapters,Founder requirements ledger for this audit; confirmed against repository search at e0497f7. Not a new requirement.,ANY_AI render,Generic render adapter only.,not a named assertion at this SHA,not executed,13_PROVIDER_ADAPTER_MATRIX.md,NO,PARTIAL,P2,none,keep it thin,
291,DISTRIBUTION,Thin-adapter law,Founder requirements ledger for this audit; confirmed against repository search at e0497f7. Not a new requirement.,targets.ts vs spe-core-rs,UI labels are not a second kernel. Live adapters do not exist to violate the law.,apps/web npm run test:engine,used_ts_fallback false,logs/engine.log,YES,PARTIAL,P2,none,enforce when adapters are added,
292,DISTRIBUTION,No duplicate semantic engine,Founder requirements ledger for this audit; confirmed against repository search at e0497f7. Not a new requirement.,engine client; onnxSemantic.ts,Fixture did not synthesize protocol in TS. Vision onnx path is a separate model judgment.,apps/web npm run test:engine; apps/web npm run test:adversarial,onnx_browser_only_guard passed,logs/engine.log,YES,PARTIAL,P2,none,keep onnx out of K3,
293,SEO,robots,Founder requirements ledger for this audit; confirmed against repository search at e0497f7. Not a new requirement.,apps/web/public/robots.txt,robots Allow /capabilities asserted.,apps/web npm run test:capabilities-seo,"EXIT 0 source assertions for capabilities route, FAQPage, robots Allow /capabilities, sitemap URL, honest not-proven wording",logs/capabilities_seo.log,YES,PROVEN,,none,none for that line,Not a crawl test.
294,SEO,sitemap,Founder requirements ledger for this audit; confirmed against repository search at e0497f7. Not a new requirement.,apps/web/public/sitemap.xml,Sitemap contains the capabilities URL.,apps/web npm run test:capabilities-seo,"EXIT 0 source assertions for capabilities route, FAQPage, robots Allow /capabilities, sitemap URL, honest not-proven wording",logs/capabilities_seo.log,YES,PROVEN,,none,none for that URL,
295,SEO,canonical,Founder requirements ledger for this audit; confirmed against repository search at e0497f7. Not a new requirement.,apps/web/src/ui/SeoHead.tsx,"canonical link, title metadata, and og:title are written by SeoHead. capabilities-seo test does not assert them.",apps/web npm run test:capabilities-seo,those tags were not in the assertion list,logs/capabilities_seo.log,NO,IMPLEMENTED_UNPROVEN,P3,none,extend the SEO test later,
296,SEO,metadata,Founder requirements ledger for this audit; confirmed against repository search at e0497f7. Not a new requirement.,apps/web/src/ui/SeoHead.tsx,"canonical link, title metadata, and og:title are written by SeoHead. capabilities-seo test does not assert them.",apps/web npm run test:capabilities-seo,those tags were not in the assertion list,logs/capabilities_seo.log,NO,IMPLEMENTED_UNPROVEN,P3,none,extend the SEO test later,
297,SEO,Open Graph,Founder requirements ledger for this audit; confirmed against repository search at e0497f7. Not a new requirement.,apps/web/src/ui/SeoHead.tsx,"canonical link, title metadata, and og:title are written by SeoHead. capabilities-seo test does not assert them.",apps/web npm run test:capabilities-seo,those tags were not in the assertion list,logs/capabilities_seo.log,NO,IMPLEMENTED_UNPROVEN,P3,none,extend the SEO test later,
298,SEO,Structured data,Founder requirements ledger for this audit; confirmed against repository search at e0497f7. Not a new requirement.,capabilities FAQPage,FAQPage JSON-LD asserted for capabilities. Other schema types not asserted.,apps/web npm run test:capabilities-seo,"EXIT 0 source assertions for capabilities route, FAQPage, robots Allow /capabilities, sitemap URL, honest not-proven wording",logs/capabilities_seo.log,YES,PARTIAL,P3,none,none,
299,SEO,FAQ,Founder requirements ledger for this audit; confirmed against repository search at e0497f7. Not a new requirement.,apps/web capabilities page,Visible faq id and not-proven wording asserted in source.,apps/web npm run test:capabilities-seo,"EXIT 0 source assertions for capabilities route, FAQPage, robots Allow /capabilities, sitemap URL, honest not-proven wording",logs/capabilities_seo.log,YES,PROVEN,,none,rendered crawl not run,
300,SEO,Visible FAQ and schema parity,Founder requirements ledger for this audit; confirmed against repository search at e0497f7. Not a new requirement.,routing JSON-LD and capabilities page,FAQPage type and visible faq id and shared not-proven wording asserted together.,apps/web npm run test:capabilities-seo,"EXIT 0 source assertions for capabilities route, FAQPage, robots Allow /capabilities, sitemap URL, honest not-proven wording",logs/capabilities_seo.log,YES,PROVEN,,"source parity, not a crawled DOM",none for this source contract,
301,SEO,Semantic headings,Founder requirements ledger for this audit; confirmed against repository search at e0497f7. Not a new requirement.,SeoHead; sitemap; capabilities page,"Some headings, one robots allow, and nav links exist. Duplicate-content handling is only the canonical helper. Examples indexability was not crawled.",apps/web npm run test:capabilities-seo,"EXIT 0 source assertions for capabilities route, FAQPage, robots Allow /capabilities, sitemap URL, honest not-proven wording",logs/capabilities_seo.log,YES,PARTIAL,P3,no crawler run,no ranking claims,
302,SEO,Crawlability,Founder requirements ledger for this audit; confirmed against repository search at e0497f7. Not a new requirement.,SeoHead; sitemap; capabilities page,"Some headings, one robots allow, and nav links exist. Duplicate-content handling is only the canonical helper. Examples indexability was not crawled.",apps/web npm run test:capabilities-seo,"EXIT 0 source assertions for capabilities route, FAQPage, robots Allow /capabilities, sitemap URL, honest not-proven wording",logs/capabilities_seo.log,YES,PARTIAL,P3,no crawler run,no ranking claims,
303,SEO,Internal links,Founder requirements ledger for this audit; confirmed against repository search at e0497f7. Not a new requirement.,SeoHead; sitemap; capabilities page,"Some headings, one robots allow, and nav links exist. Duplicate-content handling is only the canonical helper. Examples indexability was not crawled.",apps/web npm run test:capabilities-seo,"EXIT 0 source assertions for capabilities route, FAQPage, robots Allow /capabilities, sitemap URL, honest not-proven wording",logs/capabilities_seo.log,YES,PARTIAL,P3,no crawler run,no ranking claims,
304,SEO,Capability pages,Founder requirements ledger for this audit; confirmed against repository search at e0497f7. Not a new requirement.,apps/web capabilities route,"Route, nav id, and page mount asserted.",apps/web npm run test:capabilities-seo,"EXIT 0 source assertions for capabilities route, FAQPage, robots Allow /capabilities, sitemap URL, honest not-proven wording",logs/capabilities_seo.log,YES,PROVEN,,none,none,
305,SEO,Indexable examples,Founder requirements ledger for this audit; confirmed against repository search at e0497f7. Not a new requirement.,SeoHead; sitemap; capabilities page,"Some headings, one robots allow, and nav links exist. Duplicate-content handling is only the canonical helper. Examples indexability was not crawled.",apps/web npm run test:capabilities-seo,"EXIT 0 source assertions for capabilities route, FAQPage, robots Allow /capabilities, sitemap URL, honest not-proven wording",logs/capabilities_seo.log,YES,PARTIAL,P3,no crawler run,no ranking claims,
306,SEO,Duplicate-content handling,Founder requirements ledger for this audit; confirmed against repository search at e0497f7. Not a new requirement.,SeoHead; sitemap; capabilities page,"Some headings, one robots allow, and nav links exist. Duplicate-content handling is only the canonical helper. Examples indexability was not crawled.",apps/web npm run test:capabilities-seo,"EXIT 0 source assertions for capabilities route, FAQPage, robots Allow /capabilities, sitemap URL, honest not-proven wording",logs/capabilities_seo.log,YES,PARTIAL,P3,no crawler run,no ranking claims,
307,ACCESSIBILITY,Keyboard,Founder requirements ledger for this audit; confirmed against repository search at e0497f7. Not a new requirement.,predeploy a11y source contracts; hero keyboard,"Source contracts for viewport, focus, landmarks, zoom meta passed. Hero keyboard pause passed. Not a WCAG 2.2 AA conformance audit and not a screen-reader pass.",apps/web npm run test:predeploy-qa; CHROME_PATH=/usr/bin/google-chrome node apps/web/scripts/test-hero-story.mjs (second run),EXIT 0,10_ACCESSIBILITY_AUDIT.md,YES,PARTIAL,P2,human screen reader,human SR pass,AUTOMATED_EVIDENCE is partial. HUMAN_SCREEN_READER_EVIDENCE is absent.
308,ACCESSIBILITY,Focus,Founder requirements ledger for this audit; confirmed against repository search at e0497f7. Not a new requirement.,predeploy a11y source contracts; hero keyboard,"Source contracts for viewport, focus, landmarks, zoom meta passed. Hero keyboard pause passed. Not a WCAG 2.2 AA conformance audit and not a screen-reader pass.",apps/web npm run test:predeploy-qa; CHROME_PATH=/usr/bin/google-chrome node apps/web/scripts/test-hero-story.mjs (second run),EXIT 0,10_ACCESSIBILITY_AUDIT.md,YES,PARTIAL,P2,human screen reader,human SR pass,AUTOMATED_EVIDENCE is partial. HUMAN_SCREEN_READER_EVIDENCE is absent.
309,ACCESSIBILITY,Heading structure,Founder requirements ledger for this audit; confirmed against repository search at e0497f7. Not a new requirement.,predeploy a11y source contracts; hero keyboard,"Source contracts for viewport, focus, landmarks, zoom meta passed. Hero keyboard pause passed. Not a WCAG 2.2 AA conformance audit and not a screen-reader pass.",apps/web npm run test:predeploy-qa; CHROME_PATH=/usr/bin/google-chrome node apps/web/scripts/test-hero-story.mjs (second run),EXIT 0,10_ACCESSIBILITY_AUDIT.md,YES,PARTIAL,P2,human screen reader,human SR pass,AUTOMATED_EVIDENCE is partial. HUMAN_SCREEN_READER_EVIDENCE is absent.
310,ACCESSIBILITY,Landmarks,Founder requirements ledger for this audit; confirmed against repository search at e0497f7. Not a new requirement.,predeploy a11y source contracts; hero keyboard,"Source contracts for viewport, focus, landmarks, zoom meta passed. Hero keyboard pause passed. Not a WCAG 2.2 AA conformance audit and not a screen-reader pass.",apps/web npm run test:predeploy-qa; CHROME_PATH=/usr/bin/google-chrome node apps/web/scripts/test-hero-story.mjs (second run),EXIT 0,10_ACCESSIBILITY_AUDIT.md,YES,PARTIAL,P2,human screen reader,human SR pass,AUTOMATED_EVIDENCE is partial. HUMAN_SCREEN_READER_EVIDENCE is absent.
311,ACCESSIBILITY,Labels,Founder requirements ledger for this audit; confirmed against repository search at e0497f7. Not a new requirement.,predeploy a11y source contracts; hero keyboard,"Source contracts for viewport, focus, landmarks, zoom meta passed. Hero keyboard pause passed. Not a WCAG 2.2 AA conformance audit and not a screen-reader pass.",apps/web npm run test:predeploy-qa; CHROME_PATH=/usr/bin/google-chrome node apps/web/scripts/test-hero-story.mjs (second run),EXIT 0,10_ACCESSIBILITY_AUDIT.md,YES,PARTIAL,P2,human screen reader,human SR pass,AUTOMATED_EVIDENCE is partial. HUMAN_SCREEN_READER_EVIDENCE is absent.
312,ACCESSIBILITY,ARIA states,Founder requirements ledger for this audit; confirmed against repository search at e0497f7. Not a new requirement.,predeploy a11y source contracts; hero keyboard,"Source contracts for viewport, focus, landmarks, zoom meta passed. Hero keyboard pause passed. Not a WCAG 2.2 AA conformance audit and not a screen-reader pass.",apps/web npm run test:predeploy-qa; CHROME_PATH=/usr/bin/google-chrome node apps/web/scripts/test-hero-story.mjs (second run),EXIT 0,10_ACCESSIBILITY_AUDIT.md,YES,PARTIAL,P2,human screen reader,human SR pass,AUTOMATED_EVIDENCE is partial. HUMAN_SCREEN_READER_EVIDENCE is absent.
313,ACCESSIBILITY,Contrast,Founder requirements ledger for this audit; confirmed against repository search at e0497f7. Not a new requirement.,proofs/site_revision_recovery/a11y_closure inside e0497f7,Prior closure committed contrast measures for Home. This audit did not re-run axe.,not a named assertion at this SHA,not re-executed,10_ACCESSIBILITY_AUDIT.md,NO,PARTIAL,P2,axe not re-run,do not restyle,Historical measure is inside the SHA but is not a new execution.
314,ACCESSIBILITY,200% zoom,Founder requirements ledger for this audit; confirmed against repository search at e0497f7. Not a new requirement.,predeploy a11y source contracts; hero keyboard,"Source contracts for viewport, focus, landmarks, zoom meta passed. Hero keyboard pause passed. Not a WCAG 2.2 AA conformance audit and not a screen-reader pass.",apps/web npm run test:predeploy-qa; CHROME_PATH=/usr/bin/google-chrome node apps/web/scripts/test-hero-story.mjs (second run),EXIT 0,10_ACCESSIBILITY_AUDIT.md,YES,PARTIAL,P2,human screen reader,human SR pass,AUTOMATED_EVIDENCE is partial. HUMAN_SCREEN_READER_EVIDENCE is absent.
315,ACCESSIBILITY,Reflow,Founder requirements ledger for this audit; confirmed against repository search at e0497f7. Not a new requirement.,predeploy a11y source contracts; hero keyboard,"Source contracts for viewport, focus, landmarks, zoom meta passed. Hero keyboard pause passed. Not a WCAG 2.2 AA conformance audit and not a screen-reader pass.",apps/web npm run test:predeploy-qa; CHROME_PATH=/usr/bin/google-chrome node apps/web/scripts/test-hero-story.mjs (second run),EXIT 0,10_ACCESSIBILITY_AUDIT.md,YES,PARTIAL,P2,human screen reader,human SR pass,AUTOMATED_EVIDENCE is partial. HUMAN_SCREEN_READER_EVIDENCE is absent.
316,ACCESSIBILITY,Reduced motion,Founder requirements ledger for this audit; confirmed against repository search at e0497f7. Not a new requirement.,hero reduced motion,"Same evidence as website reduced motion, counted on the a11y row because the hero suite executed it.",CHROME_PATH=/usr/bin/google-chrome node apps/web/scripts/test-hero-story.mjs (second run),EXIT 0 62 hero checks passed,logs/hero2.log,YES,PROVEN,,other routes,none for Home,
317,ACCESSIBILITY,Motion controls,Founder requirements ledger for this audit; confirmed against repository search at e0497f7. Not a new requirement.,Home hero controls,"Keyboard pause, pause freezes motion, play resumes, offscreen pauses.",CHROME_PATH=/usr/bin/google-chrome node apps/web/scripts/test-hero-story.mjs (second run),EXIT 0 62 hero checks passed,logs/hero2.log,YES,PROVEN,,Daily Lab pause not in this suite,none for Home,
318,ACCESSIBILITY,Mobile,Founder requirements ledger for this audit; confirmed against repository search at e0497f7. Not a new requirement.,predeploy a11y source contracts; hero keyboard,"Source contracts for viewport, focus, landmarks, zoom meta passed. Hero keyboard pause passed. Not a WCAG 2.2 AA conformance audit and not a screen-reader pass.",apps/web npm run test:predeploy-qa; CHROME_PATH=/usr/bin/google-chrome node apps/web/scripts/test-hero-story.mjs (second run),EXIT 0,10_ACCESSIBILITY_AUDIT.md,YES,PARTIAL,P2,human screen reader,human SR pass,AUTOMATED_EVIDENCE is partial. HUMAN_SCREEN_READER_EVIDENCE is absent.
319,ACCESSIBILITY,Errors,Founder requirements ledger for this audit; confirmed against repository search at e0497f7. Not a new requirement.,predeploy a11y source contracts; hero keyboard,"Source contracts for viewport, focus, landmarks, zoom meta passed. Hero keyboard pause passed. Not a WCAG 2.2 AA conformance audit and not a screen-reader pass.",apps/web npm run test:predeploy-qa; CHROME_PATH=/usr/bin/google-chrome node apps/web/scripts/test-hero-story.mjs (second run),EXIT 0,10_ACCESSIBILITY_AUDIT.md,YES,PARTIAL,P2,human screen reader,human SR pass,AUTOMATED_EVIDENCE is partial. HUMAN_SCREEN_READER_EVIDENCE is absent.
320,ACCESSIBILITY,Theme switching,Founder requirements ledger for this audit; confirmed against repository search at e0497f7. Not a new requirement.,theme routes and hero theme matrix,"Dark, light, and system switches executed on Home.",CHROME_PATH=/usr/bin/google-chrome node apps/web/scripts/test-hero-story.mjs (second run); apps/web npm run test:theme-routes,both passed,logs/theme_routes.log,YES,PROVEN,,none,do not restyle,
321,PERFORMANCE,JS raw/gzip,Founder requirements ledger for this audit; confirmed against repository search at e0497f7. Not a new requirement.,vite build output; public wasm,Measured this SHA. No numeric founder budget to pass or fail. JS 375180 B gzip 121.18 kB; CSS 164480 B gzip 33.56 kB; SPE wasm 671614 B gzip 160032 B; r3f 831353 B gzip 224.26 kB; onnx wasm 11246032 B.,apps/web npx vite build,EXIT 0 index JS 375.18 kB gzip 121.18 kB; index CSS 164.48 kB gzip 33.56 kB,11_PERFORMANCE_BASELINE.md,YES,PARTIAL,P3,Lighthouse not run,do not call this field data,
322,PERFORMANCE,CSS raw/gzip,Founder requirements ledger for this audit; confirmed against repository search at e0497f7. Not a new requirement.,vite build output; public wasm,Measured this SHA. No numeric founder budget to pass or fail. JS 375180 B gzip 121.18 kB; CSS 164480 B gzip 33.56 kB; SPE wasm 671614 B gzip 160032 B; r3f 831353 B gzip 224.26 kB; onnx wasm 11246032 B.,apps/web npx vite build,EXIT 0 index JS 375.18 kB gzip 121.18 kB; index CSS 164.48 kB gzip 33.56 kB,11_PERFORMANCE_BASELINE.md,YES,PARTIAL,P3,Lighthouse not run,do not call this field data,
323,PERFORMANCE,WASM size,Founder requirements ledger for this audit; confirmed against repository search at e0497f7. Not a new requirement.,vite build output; public wasm,Measured this SHA. No numeric founder budget to pass or fail. JS 375180 B gzip 121.18 kB; CSS 164480 B gzip 33.56 kB; SPE wasm 671614 B gzip 160032 B; r3f 831353 B gzip 224.26 kB; onnx wasm 11246032 B.,apps/web npx vite build,EXIT 0 index JS 375.18 kB gzip 121.18 kB; index CSS 164.48 kB gzip 33.56 kB,11_PERFORMANCE_BASELINE.md,YES,PARTIAL,P3,Lighthouse not run,do not call this field data,
324,PERFORMANCE,Largest chunks,Founder requirements ledger for this audit; confirmed against repository search at e0497f7. Not a new requirement.,vite build output; public wasm,Measured this SHA. No numeric founder budget to pass or fail. JS 375180 B gzip 121.18 kB; CSS 164480 B gzip 33.56 kB; SPE wasm 671614 B gzip 160032 B; r3f 831353 B gzip 224.26 kB; onnx wasm 11246032 B.,apps/web npx vite build,EXIT 0 index JS 375.18 kB gzip 121.18 kB; index CSS 164.48 kB gzip 33.56 kB,11_PERFORMANCE_BASELINE.md,YES,PARTIAL,P3,Lighthouse not run,do not call this field data,
325,PERFORMANCE,Route loading,Founder requirements ledger for this audit; confirmed against repository search at e0497f7. Not a new requirement.,vite chunks; massive baseline RAF and heap,"No route-level loader timing, no LCP, no main-thread trace. Paste RAF lag and JS heap were sampled in Chromium only.","Playwright lab against http://127.0.0.1:4194 (audit-only, script not committed); apps/web npx vite build",baseline EXIT 0; vite EXIT 0,11_PERFORMANCE_BASELINE.md,YES,PARTIAL,P3,Lighthouse not installed and not installed for this audit,lab trace later,
326,PERFORMANCE,Hero loading,Founder requirements ledger for this audit; confirmed against repository search at e0497f7. Not a new requirement.,vite chunks; massive baseline RAF and heap,"No route-level loader timing, no LCP, no main-thread trace. Paste RAF lag and JS heap were sampled in Chromium only.","Playwright lab against http://127.0.0.1:4194 (audit-only, script not committed); apps/web npx vite build",baseline EXIT 0; vite EXIT 0,11_PERFORMANCE_BASELINE.md,YES,PARTIAL,P3,Lighthouse not installed and not installed for this audit,lab trace later,
327,PERFORMANCE,Daily Lab assets,Founder requirements ledger for this audit; confirmed against repository search at e0497f7. Not a new requirement.,vite build output; public wasm,Measured this SHA. No numeric founder budget to pass or fail. JS 375180 B gzip 121.18 kB; CSS 164480 B gzip 33.56 kB; SPE wasm 671614 B gzip 160032 B; r3f 831353 B gzip 224.26 kB; onnx wasm 11246032 B.,apps/web npx vite build,EXIT 0 index JS 375.18 kB gzip 121.18 kB; index CSS 164.48 kB gzip 33.56 kB,11_PERFORMANCE_BASELINE.md,YES,PARTIAL,P3,Lighthouse not run,do not call this field data,
328,PERFORMANCE,3D critical path,Founder requirements ledger for this audit; confirmed against repository search at e0497f7. Not a new requirement.,vite chunks; massive baseline RAF and heap,"No route-level loader timing, no LCP, no main-thread trace. Paste RAF lag and JS heap were sampled in Chromium only.","Playwright lab against http://127.0.0.1:4194 (audit-only, script not committed); apps/web npx vite build",baseline EXIT 0; vite EXIT 0,11_PERFORMANCE_BASELINE.md,YES,PARTIAL,P3,Lighthouse not installed and not installed for this audit,lab trace later,
329,PERFORMANCE,Memory,Founder requirements ledger for this audit; confirmed against repository search at e0497f7. Not a new requirement.,vite chunks; massive baseline RAF and heap,"No route-level loader timing, no LCP, no main-thread trace. Paste RAF lag and JS heap were sampled in Chromium only.","Playwright lab against http://127.0.0.1:4194 (audit-only, script not committed); apps/web npx vite build",baseline EXIT 0; vite EXIT 0,11_PERFORMANCE_BASELINE.md,YES,PARTIAL,P3,Lighthouse not installed and not installed for this audit,lab trace later,
330,PERFORMANCE,Main-thread blocking,Founder requirements ledger for this audit; confirmed against repository search at e0497f7. Not a new requirement.,vite chunks; massive baseline RAF and heap,"No route-level loader timing, no LCP, no main-thread trace. Paste RAF lag and JS heap were sampled in Chromium only.","Playwright lab against http://127.0.0.1:4194 (audit-only, script not committed); apps/web npx vite build",baseline EXIT 0; vite EXIT 0,11_PERFORMANCE_BASELINE.md,YES,PARTIAL,P3,Lighthouse not installed and not installed for this audit,lab trace later,
331,PROOF_SYSTEM,Proof manifests,Founder requirements ledger for this audit; confirmed against repository search at e0497f7. Not a new requirement.,tests and historical proofs/,"Fixtures and manifests exist. Many manifests bind older SHAs, not e0497f7.",cargo test --manifest-path portable/spe-core-rs/Cargo.toml; apps/web npm run test:engine,current rust and engine fixture passed,17_INDEPENDENT_REPLICATION_STATUS.md,NO,PARTIAL,P2,none,rebinding is future work,
332,PROOF_SYSTEM,SHA binding,Founder requirements ledger for this audit; confirmed against repository search at e0497f7. Not a new requirement.,engine sha; historical manifests,Wasm sha is bound. Proof manifests reviewed in-repo do not name e0497f7.,apps/web npm run test:engine,EXIT 0 fixture VALID used_ts_fallback false sha256 8d482a17… matches public wasm imports 0,logs/engine.log,YES,PARTIAL,P2,none,stamp this SHA on the next proof run,
333,PROOF_SYSTEM,Mutation evidence,Founder requirements ledger for this audit; confirmed against repository search at e0497f7. Not a new requirement.,negative_mutations.rs; tools/run_mutations.py,Rust negatives passed. The Python mutation runner is a stub.,cargo test --manifest-path portable/spe-core-rs/Cargo.toml,2 rust mutation tests passed,logs/cargo_test_online.log,YES,PARTIAL,P1,stub,do not count the stub,
334,PROOF_SYSTEM,Adversarial evidence,Founder requirements ledger for this audit; confirmed against repository search at e0497f7. Not a new requirement.,test:adversarial; Rust malicious source,Web adversarial source suite and one Rust rejection passed. Not a red-team exercise.,apps/web npm run test:adversarial; cargo test --manifest-path portable/spe-core-rs/Cargo.toml,EXIT 0,logs/adversarial.log,YES,PARTIAL,P2,none,do not call it a pentest,
335,PROOF_SYSTEM,False-proof protection,Founder requirements ledger for this audit; confirmed against repository search at e0497f7. Not a new requirement.,this audit; UNKNOWN law; historical proofs,Claim statuses are separated in this ledger. Old proofs remain historical.,apps/web npm run test:execution-contract,EXIT 0 PASS execution contract + profile bind + local record + conformance laws,04_CLAIM_EVIDENCE_GRAPH.md,YES,PARTIAL,P2,none,keep SHA separation,
336,PROOF_SYSTEM,Canonical fixtures,Founder requirements ledger for this audit; confirmed against repository search at e0497f7. Not a new requirement.,tests and historical proofs/,"Fixtures and manifests exist. Many manifests bind older SHAs, not e0497f7.",cargo test --manifest-path portable/spe-core-rs/Cargo.toml; apps/web npm run test:engine,current rust and engine fixture passed,17_INDEPENDENT_REPLICATION_STATUS.md,NO,PARTIAL,P2,none,rebinding is future work,
337,PROOF_SYSTEM,Cross-runtime proof,Founder requirements ledger for this audit; confirmed against repository search at e0497f7. Not a new requirement.,Rust tests vs wasm fixture vs Python,Rust suite and one wasm fixture passed. Python oracle not executed. Not full cross-runtime proof.,cargo test --manifest-path portable/spe-core-rs/Cargo.toml; apps/web npm run test:engine; python3 -m pytest,cargo 0; engine 0; pytest 1,07_TEST_RESULTS.md,YES,PARTIAL,P1,pytest; wasm32 target,run Python and a wasm rebuild on a later mission,
338,PROOF_SYSTEM,Claim classification,Founder requirements ledger for this audit; confirmed against repository search at e0497f7. Not a new requirement.,this audit; UNKNOWN law; historical proofs,Claim statuses are separated in this ledger. Old proofs remain historical.,apps/web npm run test:execution-contract,EXIT 0 PASS execution contract + profile bind + local record + conformance laws,04_CLAIM_EVIDENCE_GRAPH.md,YES,PARTIAL,P2,none,keep SHA separation,
339,PROOF_SYSTEM,Current-HEAD binding,Founder requirements ledger for this audit; confirmed against repository search at e0497f7. Not a new requirement.,this audit directory,This audit binds e0497f7. Prior proof files do not.,git rev-parse HEAD,e0497f79898689a00a30abeab67652d5f6a9193c,00_EXECUTIVE_SUMMARY.md,YES,PARTIAL,P2,none,none,
340,PROOF_SYSTEM,Historical-proof separation,Founder requirements ledger for this audit; confirmed against repository search at e0497f7. Not a new requirement.,this audit; UNKNOWN law; historical proofs,Claim statuses are separated in this ledger. Old proofs remain historical.,apps/web npm run test:execution-contract,EXIT 0 PASS execution contract + profile bind + local record + conformance laws,04_CLAIM_EVIDENCE_GRAPH.md,YES,PARTIAL,P2,none,keep SHA separation,
341,HUMAN_EVAL,Prestudy,Founder requirements ledger for this audit; confirmed against repository search at e0497f7. Not a new requirement.,evaluations/context_protocol_v1/README.md,Evaluation arm design exists.,not a named assertion at this SHA,not executed,16_HUMAN_EVIDENCE_STATUS.md,NO,SPECIFIED_ONLY,P2,humans,do not simulate ratings,
342,HUMAN_EVAL,Real human ratings,Founder requirements ledger for this audit; confirmed against repository search at e0497f7. Not a new requirement.,evaluations/context_protocol_v1/arms.json,human_ratings_default NO_RATINGS_YET.,not a named assertion at this SHA,not simulated,16_HUMAN_EVIDENCE_STATUS.md,NO,EXTERNAL_VALIDATION_REQUIRED,P1,real participants,collect real ratings later,HUMAN_VALIDATED = NO.
343,HUMAN_EVAL,Lock,Founder requirements ledger for this audit; confirmed against repository search at e0497f7. Not a new requirement.,evaluations/context_protocol_v1,Procedure not run because ratings do not exist.,not a named assertion at this SHA,not simulated,16_HUMAN_EVIDENCE_STATUS.md,NO,EXTERNAL_VALIDATION_REQUIRED,P2,real participants,do not simulate,
344,HUMAN_EVAL,Unblind,Founder requirements ledger for this audit; confirmed against repository search at e0497f7. Not a new requirement.,evaluations/context_protocol_v1,Procedure not run because ratings do not exist.,not a named assertion at this SHA,not simulated,16_HUMAN_EVIDENCE_STATUS.md,NO,EXTERNAL_VALIDATION_REQUIRED,P2,real participants,do not simulate,
345,HUMAN_EVAL,Frozen thresholds,Founder requirements ledger for this audit; confirmed against repository search at e0497f7. Not a new requirement.,evaluations search,"No frozen numeric human threshold found, consistent with no ratings.",not a named assertion at this SHA,not executed,16_HUMAN_EVIDENCE_STATUS.md,NO,NOT_FOUND,P2,study design,do not invent thresholds,
346,HUMAN_EVAL,Adjudication,Founder requirements ledger for this audit; confirmed against repository search at e0497f7. Not a new requirement.,evaluations/context_protocol_v1,Procedure not run because ratings do not exist.,not a named assertion at this SHA,not simulated,16_HUMAN_EVIDENCE_STATUS.md,NO,EXTERNAL_VALIDATION_REQUIRED,P2,real participants,do not simulate,
347,HUMAN_EVAL,Participants,Founder requirements ledger for this audit; confirmed against repository search at e0497f7. Not a new requirement.,evaluations/context_protocol_v1,Procedure not run because ratings do not exist.,not a named assertion at this SHA,not simulated,16_HUMAN_EVIDENCE_STATUS.md,NO,EXTERNAL_VALIDATION_REQUIRED,P2,real participants,do not simulate,
348,HUMAN_EVAL,Independence,Founder requirements ledger for this audit; confirmed against repository search at e0497f7. Not a new requirement.,evaluations/context_protocol_v1,Procedure not run because ratings do not exist.,not a named assertion at this SHA,not simulated,16_HUMAN_EVIDENCE_STATUS.md,NO,EXTERNAL_VALIDATION_REQUIRED,P2,real participants,do not simulate,
349,INDEPENDENT_REPLICATION,Fresh clone,Founder requirements ledger for this audit; confirmed against repository search at e0497f7. Not a new requirement.,continuation reports; this machine,This environment is not a fresh independent clone. INDEPENDENTLY_REPLICATED remains NO.,not a named assertion at this SHA,not claimed,17_INDEPENDENT_REPLICATION_STATUS.md,NO,EXTERNAL_VALIDATION_REQUIRED,P2,a different machine and operator,independent replication later,
350,INDEPENDENT_REPLICATION,Fresh build,Founder requirements ledger for this audit; confirmed against repository search at e0497f7. Not a new requirement.,continuation reports; this machine,This environment is not a fresh independent clone. INDEPENDENTLY_REPLICATED remains NO.,not a named assertion at this SHA,not claimed,17_INDEPENDENT_REPLICATION_STATUS.md,NO,EXTERNAL_VALIDATION_REQUIRED,P2,a different machine and operator,independent replication later,
351,INDEPENDENT_REPLICATION,Fresh test run,Founder requirements ledger for this audit; confirmed against repository search at e0497f7. Not a new requirement.,continuation reports; this machine,This environment is not a fresh independent clone. INDEPENDENTLY_REPLICATED remains NO.,not a named assertion at this SHA,not claimed,17_INDEPENDENT_REPLICATION_STATUS.md,NO,EXTERNAL_VALIDATION_REQUIRED,P2,a different machine and operator,independent replication later,
352,INDEPENDENT_REPLICATION,Reproduced key proof,Founder requirements ledger for this audit; confirmed against repository search at e0497f7. Not a new requirement.,continuation reports; this machine,This environment is not a fresh independent clone. INDEPENDENTLY_REPLICATED remains NO.,not a named assertion at this SHA,not claimed,17_INDEPENDENT_REPLICATION_STATUS.md,NO,EXTERNAL_VALIDATION_REQUIRED,P2,a different machine and operator,independent replication later,
353,INDEPENDENT_REPLICATION,Verified results,Founder requirements ledger for this audit; confirmed against repository search at e0497f7. Not a new requirement.,continuation reports; this machine,This environment is not a fresh independent clone. INDEPENDENTLY_REPLICATED remains NO.,not a named assertion at this SHA,not claimed,17_INDEPENDENT_REPLICATION_STATUS.md,NO,EXTERNAL_VALIDATION_REQUIRED,P2,a different machine and operator,independent replication later,
354,BUILD_RELEASE,Direct Vite build,Founder requirements ledger for this audit; confirmed against repository search at e0497f7. Not a new requirement.,apps/web vite build,Direct Vite production build succeeded. Official npm run build did not.,apps/web npx vite build,EXIT 0 index JS 375.18 kB gzip 121.18 kB; index CSS 164.48 kB gzip 33.56 kB,logs/vite_build.log,YES,PROVEN,,dist/ is gitignored and was not committed,none,
355,BUILD_RELEASE,Official full build,Founder requirements ledger for this audit; confirmed against repository search at e0497f7. Not a new requirement.,apps/web/scripts/copy-wasm.mjs,Official build stops because the gitignored wasm32 release artifact is absent. rustup targets on this machine: host only. Tracked public wasm still exists.,apps/web npm run build,EXIT 1 copy-wasm missing portable/spe-wasm/target/wasm32-unknown-unknown/release/spe_wasm.wasm,logs/official_build.log,YES,BLOCKED,P1,wasm32-unknown-unknown target and a rebuild that must not be copied onto tracked wasm during an audit,reproducible wasm build on a later mission,Do not cargo-build wasm and copy-wasm in this audit.
356,BUILD_RELEASE,WASM packaging,Founder requirements ledger for this audit; confirmed against repository search at e0497f7. Not a new requirement.,apps/web/scripts/copy-wasm.mjs,Official build stops because the gitignored wasm32 release artifact is absent. rustup targets on this machine: host only. Tracked public wasm still exists.,apps/web npm run build,EXIT 1 copy-wasm missing portable/spe-wasm/target/wasm32-unknown-unknown/release/spe_wasm.wasm,logs/official_build.log,YES,BLOCKED,P1,wasm32-unknown-unknown target and a rebuild that must not be copied onto tracked wasm during an audit,reproducible wasm build on a later mission,Do not cargo-build wasm and copy-wasm in this audit.
357,BUILD_RELEASE,Fresh clone build,Founder requirements ledger for this audit; confirmed against repository search at e0497f7. Not a new requirement.,this workspace,This checkout is not a fresh clone proof.,apps/web npx vite build,vite passed here; that is not a fresh clone,17_INDEPENDENT_REPLICATION_STATUS.md,NO,EXTERNAL_VALIDATION_REQUIRED,P2,fresh machine,independent clone later,
358,BUILD_RELEASE,Release artifact integrity,Founder requirements ledger for this audit; confirmed against repository search at e0497f7. Not a new requirement.,public/spe_wasm.wasm,Committed wasm matches the engine fixture hash. It was not reproduced from source here and is not a release bundle.,apps/web npm run test:engine,EXIT 0 fixture VALID used_ts_fallback false sha256 8d482a17… matches public wasm imports 0,logs/engine.log,YES,PARTIAL,P2,wasm32 rebuild,rebuild without touching tracked wasm until reviewed,
359,BUILD_RELEASE,Deployment safety gate,Founder requirements ledger for this audit; confirmed against repository search at e0497f7. Not a new requirement.,tools/deployment-safety-gate.mjs,Gate runs and fails closed.,node tools/deployment-safety-gate.mjs,EXIT 2 fail-closed HOSTING FORBIDDEN (expected; live hosting checks absent),logs/deploy_gate.log,YES,PROVEN,,proof JSON timestamp side effect was restored and is not part of this commit,none,"EXIT 2 is the gate working, not a green hosting proof."
360,BUILD_RELEASE,Hosting gate,Founder requirements ledger for this audit; confirmed against repository search at e0497f7. Not a new requirement.,tools/deployment-safety-gate.mjs,HOSTING remains FORBIDDEN unless founder unlock env is set. It was not set.,node tools/deployment-safety-gate.mjs,EXIT 2 fail-closed HOSTING FORBIDDEN (expected; live hosting checks absent),logs/deploy_gate.log,YES,PROVEN,,no deploy,do not host,HOSTING_READY stays NO.
361,BUILD_RELEASE,DNS,Founder requirements ledger for this audit; confirmed against repository search at e0497f7. Not a new requirement.,deployment gate,DNS was not read or changed. Hosting is forbidden.,node tools/deployment-safety-gate.mjs,EXIT 2 fail-closed HOSTING FORBIDDEN (expected; live hosting checks absent),logs/deploy_gate.log,YES,BLOCKED,P3,founder policy,do not touch DNS,
362,BUILD_RELEASE,Rollback strategy if specified,Founder requirements ledger for this audit; confirmed against repository search at e0497f7. Not a new requirement.,repository search,No rollback strategy document was qualified in this audit.,not a named assertion at this SHA,not executed,18_BUILD_RELEASE_STATUS.md,NO,NOT_FOUND,P3,none,specify only if hosting is ever authorized,
363,FREE_PRODUCT,No mandatory paid API,Founder requirements ledger for this audit; confirmed against repository search at e0497f7. Not a new requirement.,apps/web source; audit-deps; egress; predeploy,"No paid SDK, login wall, email form, ad SDK, or analytics SDK found. Evaluate path made zero network calls. connect-src is 'self'.",apps/web npm run audit:deps; apps/web npm run audit:egress; apps/web npm run test:predeploy-qa,all EXIT 0,08_PRIVACY_EGRESS_AUDIT.md,YES,PROVEN,,not a legal opinion,none,Speech disclosure and user-triggered URL fetch are separate rows.
364,FREE_PRODUCT,No mandatory login,Founder requirements ledger for this audit; confirmed against repository search at e0497f7. Not a new requirement.,apps/web source; audit-deps; egress; predeploy,"No paid SDK, login wall, email form, ad SDK, or analytics SDK found. Evaluate path made zero network calls. connect-src is 'self'.",apps/web npm run audit:deps; apps/web npm run audit:egress; apps/web npm run test:predeploy-qa,all EXIT 0,08_PRIVACY_EGRESS_AUDIT.md,YES,PROVEN,,not a legal opinion,none,Speech disclosure and user-triggered URL fetch are separate rows.
365,FREE_PRODUCT,No email requirement,Founder requirements ledger for this audit; confirmed against repository search at e0497f7. Not a new requirement.,apps/web source; audit-deps; egress; predeploy,"No paid SDK, login wall, email form, ad SDK, or analytics SDK found. Evaluate path made zero network calls. connect-src is 'self'.",apps/web npm run audit:deps; apps/web npm run audit:egress; apps/web npm run test:predeploy-qa,all EXIT 0,08_PRIVACY_EGRESS_AUDIT.md,YES,PROVEN,,not a legal opinion,none,Speech disclosure and user-triggered URL fetch are separate rows.
366,FREE_PRODUCT,No private-prompt ads,Founder requirements ledger for this audit; confirmed against repository search at e0497f7. Not a new requirement.,apps/web source; audit-deps; egress; predeploy,"No paid SDK, login wall, email form, ad SDK, or analytics SDK found. Evaluate path made zero network calls. connect-src is 'self'.",apps/web npm run audit:deps; apps/web npm run audit:egress; apps/web npm run test:predeploy-qa,all EXIT 0,08_PRIVACY_EGRESS_AUDIT.md,YES,PROVEN,,not a legal opinion,none,Speech disclosure and user-triggered URL fetch are separate rows.
367,FREE_PRODUCT,No hidden analytics,Founder requirements ledger for this audit; confirmed against repository search at e0497f7. Not a new requirement.,apps/web source; audit-deps; egress; predeploy,"No paid SDK, login wall, email form, ad SDK, or analytics SDK found. Evaluate path made zero network calls. connect-src is 'self'.",apps/web npm run audit:deps; apps/web npm run audit:egress; apps/web npm run test:predeploy-qa,all EXIT 0,08_PRIVACY_EGRESS_AUDIT.md,YES,PROVEN,,not a legal opinion,none,Speech disclosure and user-triggered URL fetch are separate rows.
368,FREE_PRODUCT,No user-data sale,Founder requirements ledger for this audit; confirmed against repository search at e0497f7. Not a new requirement.,apps/web source; audit-deps; egress; predeploy,"No paid SDK, login wall, email form, ad SDK, or analytics SDK found. Evaluate path made zero network calls. connect-src is 'self'.",apps/web npm run audit:deps; apps/web npm run audit:egress; apps/web npm run test:predeploy-qa,all EXIT 0,08_PRIVACY_EGRESS_AUDIT.md,YES,PROVEN,,not a legal opinion,none,Speech disclosure and user-triggered URL fetch are separate rows.
369,FREE_PRODUCT,Local core capability,Founder requirements ledger for this audit; confirmed against repository search at e0497f7. Not a new requirement.,engine fixture,Local wasm core evaluated with zero egress.,apps/web npm run test:engine; apps/web npm run audit:egress,both EXIT 0,logs/engine.log,YES,PROVEN,,cold load fetches same-origin wasm,none for the evaluate path,
370,FREE_PRODUCT,No mandatory cloud AI,Founder requirements ledger for this audit; confirmed against repository search at e0497f7. Not a new requirement.,LOCAL_WASM profile; engine fixture,Core compile does not require a cloud model.,apps/web npm run test:engine,EXIT 0 fixture VALID used_ts_fallback false sha256 8d482a17… matches public wasm imports 0,logs/engine.log,YES,PROVEN,,optional browser speech service is not the core path,none,
